2026-05-29 20:48:20,563 ---------------------Cfg is set as follow--------------------
2026-05-29 20:48:20,563 {'dataset': {'dataset_name': 'CREMA-D', 'data_root': 'E:/Paper_Experiment/DML/DML_v1/CREMAD_v1'}, 'visual': {'name': 'resnet18', 'freeze': False, 'pretrain': False, 'hidden_dim': 512}, 'text': {'name': 'resnet18'}, 'loss': {'type': 'CrossEntropy'}, 'head': {'type': 'MLP'}, 'train': {'epoch_dict': 100, 'batch_size': 32, 'num_workers': 8, 'val_size': 16, 'val_batch_size': 16, 'val_num_workers': 8, 'shuffle': True, 'optimizer': {'type': 'SGD', 'lr': 0.01, 'momentum': 0.9, 'wc': 0.0001}, 'lr_scheduler': {'type': 'normal', 'patience': 70}}, 'test': {'batch_size': 32, 'num_workers': 8}, 'setting': {'type': 'CREMA Classification', 'num_class': 6}, 'experiment': {'name': 'dml_cremad_seed0_lr0.01', 'note': ''}, 'save_dir': 'E:/Paper_Experiment/DML/DML_v1/CREMAD_v1/savepath/CREMA-D', 'output_dir': 'e:\\Paper_Experiment\\DML\\DML_v1\\CREMAD_v1', 'seed': 0, 'fps': 3, 'use_gpu': True, 'gpu_id': 0, 'debug': False, 'run_dir': 'E:/Paper_Experiment/DML/DML_v1/CREMAD_v1/savepath/CREMA-D\\dml_cremad_seed0_lr0.01', 'log_name': 'training.log'}
2026-05-29 20:48:20,564 -------------------------------------------------------------
2026-05-29 20:48:20,972 Train samples: 5869, Val samples: 16, Test samples: 1557
2026-05-29 20:48:21,452 Epoch 0 is pending...
2026-05-30 21:48:13,783 ---------------------Cfg is set as follow--------------------
2026-05-30 21:48:13,802 {'dataset': {'dataset_name': 'CREMA-D', 'data_root': 'E:/Paper_Experiment/DML/DML_v1/CREMAD_v1'}, 'visual': {'name': 'resnet18', 'freeze': False, 'pretrain': False, 'hidden_dim': 512}, 'text': {'name': 'resnet18'}, 'loss': {'type': 'CrossEntropy'}, 'head': {'type': 'MLP'}, 'train': {'epoch_dict': 100, 'batch_size': 32, 'num_workers': 8, 'val_size': 16, 'val_batch_size': 16, 'val_num_workers': 8, 'shuffle': True, 'optimizer': {'type': 'SGD', 'lr': 0.01, 'momentum': 0.9, 'wc': 0.0001}, 'lr_scheduler': {'type': 'normal', 'patience': 70}}, 'test': {'batch_size': 32, 'num_workers': 8}, 'setting': {'type': 'CREMA Classification', 'num_class': 6}, 'experiment': {'name': 'dml_cremad_seed0_lr0.01', 'note': ''}, 'save_dir': 'E:/Paper_Experiment/DML/DML_v1/CREMAD_v1/savepath/CREMA-D', 'output_dir': 'e:\\Paper_Experiment\\DML\\DML_v1\\CREMAD_v1', 'seed': 0, 'fps': 3, 'use_gpu': True, 'gpu_id': 0, 'debug': False, 'run_dir': 'E:/Paper_Experiment/DML/DML_v1/CREMAD_v1/savepath/CREMA-D\\dml_cremad_seed0_lr0.01', 'log_name': 'training.log'}
2026-05-30 21:48:13,803 -------------------------------------------------------------
2026-05-30 21:48:14,031 Train samples: 5869, Val samples: 16, Test samples: 1557
2026-05-30 21:48:14,374 Epoch 0 is pending...
2026-05-30 21:55:46,491 ---------------------Cfg is set as follow--------------------
2026-05-30 21:55:46,491 {'dataset': {'dataset_name': 'CREMA-D', 'data_root': 'E:/Paper_Experiment/DML/DML_v1/CREMAD_v1'}, 'visual': {'name': 'resnet18', 'freeze': False, 'pretrain': False, 'hidden_dim': 512}, 'text': {'name': 'resnet18'}, 'loss': {'type': 'CrossEntropy'}, 'head': {'type': 'MLP'}, 'train': {'epoch_dict': 100, 'batch_size': 32, 'num_workers': 8, 'val_size': 16, 'val_batch_size': 16, 'val_num_workers': 8, 'shuffle': True, 'optimizer': {'type': 'SGD', 'lr': 0.01, 'momentum': 0.9, 'wc': 0.0001}, 'lr_scheduler': {'type': 'normal', 'patience': 70}}, 'test': {'batch_size': 32, 'num_workers': 8}, 'setting': {'type': 'CREMA Classification', 'num_class': 6}, 'experiment': {'name': 'dml_cremad_seed0_lr0.01', 'note': ''}, 'save_dir': 'E:/Paper_Experiment/DML/DML_v1/CREMAD_v1/savepath/CREMA-D', 'output_dir': 'e:\\Paper_Experiment\\DML\\DML_v1\\CREMAD_v1', 'seed': 0, 'fps': 3, 'use_gpu': True, 'gpu_id': 0, 'debug': False, 'run_dir': 'E:/Paper_Experiment/DML/DML_v1/CREMAD_v1/savepath/CREMA-D\\dml_cremad_seed0_lr0.01', 'log_name': 'training.log'}
2026-05-30 21:55:46,491 -------------------------------------------------------------
2026-05-30 21:55:46,780 Train samples: 5869, Val samples: 16, Test samples: 1557
2026-05-30 21:55:47,112 Epoch 0 is pending...
2026-05-30 22:03:34,064 ---------------------Cfg is set as follow--------------------
2026-05-30 22:03:34,064 {'dataset': {'dataset_name': 'CREMA-D', 'data_root': 'E:/Paper_Experiment/DML/DML_v1/CREMAD_v1'}, 'visual': {'name': 'resnet18', 'freeze': False, 'pretrain': False, 'hidden_dim': 512}, 'text': {'name': 'resnet18'}, 'loss': {'type': 'CrossEntropy'}, 'head': {'type': 'MLP'}, 'train': {'epoch_dict': 100, 'batch_size': 32, 'num_workers': 8, 'val_size': 16, 'val_batch_size': 16, 'val_num_workers': 8, 'shuffle': True, 'optimizer': {'type': 'SGD', 'lr': 0.01, 'momentum': 0.9, 'wc': 0.0001}, 'lr_scheduler': {'type': 'normal', 'patience': 70}}, 'test': {'batch_size': 32, 'num_workers': 8}, 'setting': {'type': 'CREMA Classification', 'num_class': 6}, 'experiment': {'name': 'dml_cremad_seed0_lr0.01', 'note': ''}, 'save_dir': 'E:/Paper_Experiment/DML/DML_v1/CREMAD_v1/savepath/CREMA-D', 'output_dir': 'e:\\Paper_Experiment\\DML\\DML_v1\\CREMAD_v1', 'seed': 0, 'fps': 3, 'use_gpu': True, 'gpu_id': 0, 'debug': False, 'run_dir': 'E:/Paper_Experiment/DML/DML_v1/CREMAD_v1/savepath/CREMA-D\\dml_cremad_seed0_lr0.01', 'log_name': 'training.log'}
2026-05-30 22:03:34,065 -------------------------------------------------------------
2026-05-30 22:03:34,362 Train samples: 5869, Val samples: 16, Test samples: 1557
2026-05-30 22:03:34,665 Epoch 0 is pending...
2026-05-30 22:09:46,642 ---------------------Cfg is set as follow--------------------
2026-05-30 22:09:46,642 {'dataset': {'dataset_name': 'CREMA-D', 'data_root': 'E:/Paper_Experiment/DML/DML_v1/CREMAD_v1'}, 'visual': {'name': 'resnet18', 'freeze': False, 'pretrain': False, 'hidden_dim': 512}, 'text': {'name': 'resnet18'}, 'loss': {'type': 'CrossEntropy'}, 'head': {'type': 'MLP'}, 'train': {'epoch_dict': 100, 'batch_size': 32, 'num_workers': -1, 'val_size': 16, 'val_batch_size': 16, 'val_num_workers': -1, 'shuffle': True, 'optimizer': {'type': 'SGD', 'lr': 0.01, 'momentum': 0.9, 'wc': 0.0001}, 'lr_scheduler': {'type': 'normal', 'patience': 70}}, 'test': {'batch_size': 32, 'num_workers': 8}, 'setting': {'type': 'CREMA Classification', 'num_class': 6}, 'experiment': {'name': 'dml_cremad_seed0_lr0.01', 'note': ''}, 'save_dir': 'E:/Paper_Experiment/DML/DML_v1/CREMAD_v1/savepath/CREMA-D', 'output_dir': 'e:\\Paper_Experiment\\DML\\DML_v1\\CREMAD_v1', 'seed': 0, 'fps': 3, 'use_gpu': True, 'gpu_id': 0, 'debug': False, 'run_dir': 'E:/Paper_Experiment/DML/DML_v1/CREMAD_v1/savepath/CREMA-D\\dml_cremad_seed0_lr0.01', 'log_name': 'training.log'}
2026-05-30 22:09:46,642 -------------------------------------------------------------
2026-05-30 22:09:46,951 Train samples: 5869, Val samples: 16, Test samples: 1557
2026-05-30 22:10:03,241 ---------------------Cfg is set as follow--------------------
2026-05-30 22:10:03,241 {'dataset': {'dataset_name': 'CREMA-D', 'data_root': 'E:/Paper_Experiment/DML/DML_v1/CREMAD_v1'}, 'visual': {'name': 'resnet18', 'freeze': False, 'pretrain': False, 'hidden_dim': 512}, 'text': {'name': 'resnet18'}, 'loss': {'type': 'CrossEntropy'}, 'head': {'type': 'MLP'}, 'train': {'epoch_dict': 100, 'batch_size': 32, 'num_workers': 0, 'val_size': 16, 'val_batch_size': 16, 'val_num_workers': 0, 'shuffle': True, 'optimizer': {'type': 'SGD', 'lr': 0.01, 'momentum': 0.9, 'wc': 0.0001}, 'lr_scheduler': {'type': 'normal', 'patience': 70}}, 'test': {'batch_size': 32, 'num_workers': 0}, 'setting': {'type': 'CREMA Classification', 'num_class': 6}, 'experiment': {'name': 'dml_cremad_seed0_lr0.01', 'note': ''}, 'save_dir': 'E:/Paper_Experiment/DML/DML_v1/CREMAD_v1/savepath/CREMA-D', 'output_dir': 'e:\\Paper_Experiment\\DML\\DML_v1\\CREMAD_v1', 'seed': 0, 'fps': 3, 'use_gpu': True, 'gpu_id': 0, 'debug': False, 'run_dir': 'E:/Paper_Experiment/DML/DML_v1/CREMAD_v1/savepath/CREMA-D\\dml_cremad_seed0_lr0.01', 'log_name': 'training.log'}
2026-05-30 22:10:03,242 -------------------------------------------------------------
2026-05-30 22:10:03,542 Train samples: 5869, Val samples: 16, Test samples: 1557
2026-05-30 22:10:03,865 Epoch 0 is pending...
2026-05-31 20:26:15,404 ---------------------Cfg is set as follow--------------------
2026-05-31 20:26:15,404 {'dataset': {'dataset_name': 'CREMA-D', 'data_root': 'E:/Paper_Experiment/DML/DML_v1/CREMAD_v1'}, 'visual': {'name': 'resnet18', 'freeze': False, 'pretrain': False, 'hidden_dim': 512}, 'text': {'name': 'resnet18'}, 'loss': {'type': 'CrossEntropy'}, 'head': {'type': 'MLP'}, 'train': {'epoch_dict': 100, 'batch_size': 32, 'num_workers': 0, 'val_size': 16, 'val_batch_size': 16, 'val_num_workers': 0, 'shuffle': True, 'optimizer': {'type': 'SGD', 'lr': 0.01, 'momentum': 0.9, 'wc': 0.0001}, 'lr_scheduler': {'type': 'normal', 'patience': 70}}, 'test': {'batch_size': 32, 'num_workers': 0}, 'setting': {'type': 'CREMA Classification', 'num_class': 6}, 'experiment': {'name': 'dml_cremad_seed0_lr0.01', 'note': ''}, 'save_dir': 'E:/Paper_Experiment/DML/DML_v1/CREMAD_v1/savepath/CREMA-D', 'output_dir': 'e:\\Paper_Experiment\\DML\\DML_v1\\CREMAD_v1', 'seed': 0, 'fps': 3, 'use_gpu': True, 'gpu_id': 0, 'debug': False, 'run_dir': 'E:/Paper_Experiment/DML/DML_v1/CREMAD_v1/savepath/CREMA-D\\dml_cremad_seed0_lr0.01', 'log_name': 'training.log'}
2026-05-31 20:26:15,405 -------------------------------------------------------------
2026-05-31 20:26:15,768 Train samples: 5869, Val samples: 16, Test samples: 1557
2026-05-31 20:26:16,121 Epoch 0 is pending...
2026-05-31 20:28:40,236 ---------------------Cfg is set as follow--------------------
2026-05-31 20:28:40,236 {'dataset': {'dataset_name': 'CREMA-D', 'data_root': 'E:/Paper_Experiment/DML/DML_v1/CREMAD_v1'}, 'visual': {'name': 'resnet18', 'freeze': False, 'pretrain': False, 'hidden_dim': 512}, 'text': {'name': 'resnet18'}, 'loss': {'type': 'CrossEntropy'}, 'head': {'type': 'MLP'}, 'train': {'epoch_dict': 100, 'batch_size': 32, 'num_workers': 0, 'val_size': 16, 'val_batch_size': 16, 'val_num_workers': 0, 'shuffle': True, 'optimizer': {'type': 'SGD', 'lr': 0.01, 'momentum': 0.9, 'wc': 0.0001}, 'lr_scheduler': {'type': 'normal', 'patience': 70}}, 'test': {'batch_size': 32, 'num_workers': 0}, 'setting': {'type': 'CREMA Classification', 'num_class': 6}, 'experiment': {'name': 'dml_cremad_seed0_lr0.01', 'note': ''}, 'save_dir': 'E:/Paper_Experiment/DML/DML_v1/CREMAD_v1/savepath/CREMA-D', 'output_dir': 'e:\\Paper_Experiment\\DML\\DML_v1\\CREMAD_v1', 'seed': 0, 'fps': 3, 'use_gpu': True, 'gpu_id': 0, 'debug': False, 'run_dir': 'E:/Paper_Experiment/DML/DML_v1/CREMAD_v1/savepath/CREMA-D\\dml_cremad_seed0_lr0.01', 'log_name': 'training.log'}
2026-05-31 20:28:40,237 -------------------------------------------------------------
2026-05-31 20:28:40,519 Train samples: 5869, Val samples: 16, Test samples: 1557
2026-05-31 20:28:40,862 Epoch 0 is pending...
2026-05-31 20:49:32,261 ---------------------Cfg is set as follow--------------------
2026-05-31 20:49:32,261 {'dataset': {'dataset_name': 'CREMA-D', 'data_root': 'E:/Paper_Experiment/DML/DML_v1/CREMAD_v1'}, 'visual': {'name': 'resnet18', 'freeze': False, 'pretrain': False, 'hidden_dim': 512}, 'text': {'name': 'resnet18'}, 'loss': {'type': 'CrossEntropy'}, 'head': {'type': 'MLP'}, 'train': {'epoch_dict': 100, 'batch_size': 32, 'num_workers': 0, 'val_size': 16, 'val_batch_size': 16, 'val_num_workers': 0, 'shuffle': True, 'optimizer': {'type': 'SGD', 'lr': 0.01, 'momentum': 0.9, 'wc': 0.0001}, 'lr_scheduler': {'type': 'normal', 'patience': 70}}, 'test': {'batch_size': 32, 'num_workers': 0}, 'setting': {'type': 'CREMA Classification', 'num_class': 6}, 'experiment': {'name': 'dml_cremad_seed0_lr0.01', 'note': ''}, 'save_dir': 'E:/Paper_Experiment/DML/DML_v1/CREMAD_v1/savepath/CREMA-D', 'output_dir': 'e:\\Paper_Experiment\\DML\\DML_v1\\CREMAD_v2', 'seed': 0, 'fps': 3, 'ib_beta': 0.001, 'ib_eps_scale': 1.0, 'use_gpu': True, 'gpu_id': 0, 'debug': False, 'run_dir': 'E:/Paper_Experiment/DML/DML_v1/CREMAD_v1/savepath/CREMA-D\\dml_cremad_seed0_lr0.01', 'log_name': 'training.log'}
2026-05-31 20:49:32,262 -------------------------------------------------------------
2026-05-31 20:49:32,583 Train samples: 5869, Val samples: 16, Test samples: 1557
2026-05-31 20:49:32,951 Epoch 0 is pending...
2026-06-01 16:44:50,316 ---------------------Cfg is set as follow--------------------
2026-06-01 16:44:50,316 {'dataset': {'dataset_name': 'CREMA-D', 'data_root': 'E:/Paper_Experiment/DML/DML_v1/datasets_shared/CREMA-D'}, 'visual': {'name': 'resnet18', 'freeze': False, 'pretrain': False, 'hidden_dim': 512}, 'text': {'name': 'resnet18'}, 'loss': {'type': 'CrossEntropy'}, 'head': {'type': 'MLP'}, 'train': {'epoch_dict': 100, 'batch_size': 32, 'num_workers': 0, 'val_size': 16, 'val_batch_size': 16, 'val_num_workers': 0, 'shuffle': True, 'optimizer': {'type': 'SGD', 'lr': 0.01, 'momentum': 0.9, 'wc': 0.0001}, 'lr_scheduler': {'type': 'normal', 'patience': 70}}, 'test': {'batch_size': 32, 'num_workers': 0}, 'setting': {'type': 'CREMA Classification', 'num_class': 6}, 'experiment': {'name': 'dml_cremad_seed0_lr0.01', 'note': ''}, 'save_dir': 'E:/Paper_Experiment/DML/DML_v1/CREMAD_v1/savepath/CREMA-D', 'output_dir': 'e:\\Paper_Experiment\\DML\\DML_v1\\CREMAD_v1', 'seed': 0, 'fps': 3, 'use_gpu': True, 'gpu_id': 0, 'debug': False, 'run_dir': 'E:/Paper_Experiment/DML/DML_v1/CREMAD_v1/savepath/CREMA-D\\dml_cremad_seed0_lr0.01', 'log_name': 'training.log'}
2026-06-01 16:44:50,317 -------------------------------------------------------------
2026-06-01 16:44:50,715 Train samples: 5869, Val samples: 16, Test samples: 1557
2026-06-01 16:44:51,298 Epoch 0 is pending...
2026-06-01 21:13:59,174 ---------------------Cfg is set as follow--------------------
2026-06-01 21:13:59,175 {'dataset': {'dataset_name': 'CREMA-D', 'data_root': 'E:/Paper_Experiment/DML/DML_v1/datasets_shared/CREMA-D'}, 'visual': {'name': 'resnet18', 'freeze': False, 'pretrain': False, 'hidden_dim': 512}, 'text': {'name': 'resnet18'}, 'loss': {'type': 'CrossEntropy'}, 'head': {'type': 'MLP'}, 'train': {'epoch_dict': 100, 'batch_size': 16, 'num_workers': 0, 'val_size': 16, 'val_batch_size': 16, 'val_num_workers': 0, 'shuffle': True, 'optimizer': {'type': 'SGD', 'lr': 0.01, 'momentum': 0.9, 'wc': 0.0001}, 'lr_scheduler': {'type': 'normal', 'patience': 70}}, 'test': {'batch_size': 32, 'num_workers': 0}, 'setting': {'type': 'CREMA Classification', 'num_class': 6}, 'experiment': {'name': 'dml_cremad_seed0_lr0.01', 'note': ''}, 'save_dir': 'E:/Paper_Experiment/DML/DML_v1/CREMAD_v1/savepath/CREMA-D', 'output_dir': 'e:\\Paper_Experiment\\DML\\DML_v1\\CREMAD_v1', 'seed': 0, 'fps': 3, 'use_gpu': True, 'gpu_id': 0, 'debug': False, 'run_dir': 'E:/Paper_Experiment/DML/DML_v1/CREMAD_v1/savepath/CREMA-D\\dml_cremad_seed0_lr0.01', 'log_name': 'training.log'}
2026-06-01 21:13:59,175 -------------------------------------------------------------
2026-06-01 21:14:00,185 Train samples: 5869, Val samples: 16, Test samples: 1557
2026-06-01 21:14:00,993 Epoch 0 is pending...
2026-06-03 10:59:20,912 ---------------------Cfg is set as follow--------------------
2026-06-03 10:59:20,913 {'dataset': {'dataset_name': 'CREMA-D', 'data_root': 'E:/Paper_Experiment/DML/DML_v1/datasets_shared/CREMA-D'}, 'visual': {'name': 'resnet18', 'freeze': False, 'pretrain': False, 'hidden_dim': 512}, 'text': {'name': 'resnet18'}, 'loss': {'type': 'CrossEntropy'}, 'head': {'type': 'MLP'}, 'train': {'epoch_dict': 100, 'batch_size': 16, 'num_workers': 0, 'val_size': 16, 'val_batch_size': 16, 'val_num_workers': 0, 'shuffle': True, 'optimizer': {'type': 'SGD', 'lr': 0.01, 'momentum': 0.9, 'wc': 0.0001}, 'lr_scheduler': {'type': 'normal', 'patience': 5}}, 'test': {'batch_size': 32, 'num_workers': 0}, 'setting': {'type': 'CREMA Classification', 'num_class': 6}, 'experiment': {'name': 'dml_cremad_seed0_lr0.01', 'note': ''}, 'save_dir': 'E:/Paper_Experiment/DML/DML_v1/CREMAD_v1/savepath/CREMA-D', 'output_dir': 'e:\\Paper_Experiment\\DML\\DML_v1\\CREMAD_v1', 'seed': 0, 'fps': 3, 'use_gpu': True, 'gpu_id': 0, 'debug': False, 'run_dir': 'E:/Paper_Experiment/DML/DML_v1/CREMAD_v1/savepath/CREMA-D\\dml_cremad_seed0_lr0.01', 'log_name': 'training.log'}
2026-06-03 10:59:20,913 -------------------------------------------------------------
2026-06-03 10:59:21,231 Train samples: 5869, Val samples: 16, Test samples: 1557
2026-06-03 10:59:21,546 Epoch 0 is pending...
2026-06-03 11:02:43,227 +++++++++++++++++++++++++++++++++++++++++++++++++++++++
2026-06-03 11:02:43,227 Epoch 0: Average Training Loss: 5.4516
2026-06-03 11:03:18,062 +++++++++++++++++++++++++++++++++++++++++++++++++++++++
2026-06-03 11:03:18,063 Epoch 0: f1:0.0633, acc:0.1785, mAP:0.2616, f1_a:0.0632, acc_a:0.1785, mAP_a:0.2620, f1_v:0.0485, acc_v:0.1702, mAP_v:0.1746
2026-06-03 11:03:18,063 NEW BEST ACC | Epoch 0 | Acc: 0.1785
2026-06-03 11:03:18,149 Model saved to E:/Paper_Experiment/DML/DML_v1/CREMAD_v1/savepath/CREMA-D\dml_cremad_seed0_lr0.01\model_best_clean.pt
2026-06-03 11:03:18,150 Epoch 1 is pending...
2026-06-03 11:06:43,423 +++++++++++++++++++++++++++++++++++++++++++++++++++++++
2026-06-03 11:06:43,424 Epoch 1: Average Training Loss: 4.7460
2026-06-03 11:07:17,613 +++++++++++++++++++++++++++++++++++++++++++++++++++++++
2026-06-03 11:07:17,614 Epoch 1: f1:0.1517, acc:0.2775, mAP:0.3986, f1_a:0.1454, acc_a:0.2762, mAP_a:0.3843, f1_v:0.0486, acc_v:0.1708, mAP_v:0.1752
2026-06-03 11:07:17,614 NEW BEST ACC | Epoch 1 | Acc: 0.2775
2026-06-03 11:07:17,704 Model saved to E:/Paper_Experiment/DML/DML_v1/CREMAD_v1/savepath/CREMA-D\dml_cremad_seed0_lr0.01\model_best_clean.pt
2026-06-03 11:07:17,705 Epoch 2 is pending...
2026-06-03 11:10:30,775 +++++++++++++++++++++++++++++++++++++++++++++++++++++++
2026-06-03 11:10:30,775 Epoch 2: Average Training Loss: 4.6177
2026-06-03 11:11:09,145 +++++++++++++++++++++++++++++++++++++++++++++++++++++++
2026-06-03 11:11:09,146 Epoch 2: f1:0.3762, acc:0.4393, mAP:0.5247, f1_a:0.3783, acc_a:0.4399, mAP_a:0.5220, f1_v:0.0886, acc_v:0.1741, mAP_v:0.1765
2026-06-03 11:11:09,146 NEW BEST ACC | Epoch 2 | Acc: 0.4393
2026-06-03 11:11:09,251 Model saved to E:/Paper_Experiment/DML/DML_v1/CREMAD_v1/savepath/CREMA-D\dml_cremad_seed0_lr0.01\model_best_clean.pt
2026-06-03 11:11:09,251 Epoch 3 is pending...
2026-06-03 11:14:20,815 +++++++++++++++++++++++++++++++++++++++++++++++++++++++
2026-06-03 11:14:20,815 Epoch 3: Average Training Loss: 4.3854
2026-06-03 11:14:54,892 +++++++++++++++++++++++++++++++++++++++++++++++++++++++
2026-06-03 11:14:54,892 Epoch 3: f1:0.4774, acc:0.4958, mAP:0.5379, f1_a:0.4900, acc_a:0.4997, mAP_a:0.5371, f1_v:0.0566, acc_v:0.1728, mAP_v:0.1828
2026-06-03 11:14:54,893 NEW BEST ACC | Epoch 3 | Acc: 0.4958
2026-06-03 11:14:54,982 Model saved to E:/Paper_Experiment/DML/DML_v1/CREMAD_v1/savepath/CREMA-D\dml_cremad_seed0_lr0.01\model_best_clean.pt
2026-06-03 11:14:54,982 Epoch 4 is pending...
2026-06-03 11:18:03,422 +++++++++++++++++++++++++++++++++++++++++++++++++++++++
2026-06-03 11:18:03,422 Epoch 4: Average Training Loss: 4.2704
2026-06-03 11:18:37,291 +++++++++++++++++++++++++++++++++++++++++++++++++++++++
2026-06-03 11:18:37,292 Epoch 4: f1:0.5416, acc:0.5491, mAP:0.5929, f1_a:0.5409, acc_a:0.5491, mAP_a:0.6012, f1_v:0.0486, acc_v:0.1708, mAP_v:0.1773
2026-06-03 11:18:37,292 NEW BEST ACC | Epoch 4 | Acc: 0.5491
2026-06-03 11:18:37,382 Model saved to E:/Paper_Experiment/DML/DML_v1/CREMAD_v1/savepath/CREMA-D\dml_cremad_seed0_lr0.01\model_best_clean.pt
2026-06-03 11:18:37,382 Epoch 5 is pending...
2026-06-03 11:21:45,356 +++++++++++++++++++++++++++++++++++++++++++++++++++++++
2026-06-03 11:21:45,356 Epoch 5: Average Training Loss: 3.9250
2026-06-03 11:22:19,144 +++++++++++++++++++++++++++++++++++++++++++++++++++++++
2026-06-03 11:22:19,145 Epoch 5: f1:0.5924, acc:0.5954, mAP:0.6285, f1_a:0.5860, acc_a:0.5896, mAP_a:0.6294, f1_v:0.1145, acc_v:0.1805, mAP_v:0.1787
2026-06-03 11:22:19,145 NEW BEST ACC | Epoch 5 | Acc: 0.5954
2026-06-03 11:22:19,236 Model saved to E:/Paper_Experiment/DML/DML_v1/CREMAD_v1/savepath/CREMA-D\dml_cremad_seed0_lr0.01\model_best_clean.pt
2026-06-03 11:22:19,236 Epoch 6 is pending...
2026-06-03 11:25:56,241 +++++++++++++++++++++++++++++++++++++++++++++++++++++++
2026-06-03 11:25:56,241 Epoch 6: Average Training Loss: 3.7960
2026-06-03 11:26:38,244 +++++++++++++++++++++++++++++++++++++++++++++++++++++++
2026-06-03 11:26:38,244 Epoch 6: f1:0.5599, acc:0.5613, mAP:0.6223, f1_a:0.5562, acc_a:0.5581, mAP_a:0.6194, f1_v:0.1122, acc_v:0.1792, mAP_v:0.1789
2026-06-03 11:26:38,246 Epoch 7 is pending...
2026-06-03 11:29:44,322 +++++++++++++++++++++++++++++++++++++++++++++++++++++++
2026-06-03 11:29:44,322 Epoch 7: Average Training Loss: 3.7359
2026-06-03 11:30:19,068 +++++++++++++++++++++++++++++++++++++++++++++++++++++++
2026-06-03 11:30:19,069 Epoch 7: f1:0.6020, acc:0.6037, mAP:0.6478, f1_a:0.5985, acc_a:0.6005, mAP_a:0.6481, f1_v:0.0986, acc_v:0.1753, mAP_v:0.1799
2026-06-03 11:30:19,069 NEW BEST ACC | Epoch 7 | Acc: 0.6037
2026-06-03 11:30:19,165 Model saved to E:/Paper_Experiment/DML/DML_v1/CREMAD_v1/savepath/CREMA-D\dml_cremad_seed0_lr0.01\model_best_clean.pt
2026-06-03 11:30:19,165 Epoch 8 is pending...
2026-06-03 11:33:26,918 +++++++++++++++++++++++++++++++++++++++++++++++++++++++
2026-06-03 11:33:26,918 Epoch 8: Average Training Loss: 3.6631
2026-06-03 11:34:00,122 +++++++++++++++++++++++++++++++++++++++++++++++++++++++
2026-06-03 11:34:00,122 Epoch 8: f1:0.5947, acc:0.6012, mAP:0.6532, f1_a:0.5935, acc_a:0.5999, mAP_a:0.6539, f1_v:0.1011, acc_v:0.1728, mAP_v:0.1774
2026-06-03 11:34:00,122 Epoch 9 is pending...
2026-06-03 11:37:06,264 +++++++++++++++++++++++++++++++++++++++++++++++++++++++
2026-06-03 11:37:06,264 Epoch 9: Average Training Loss: 3.5598
2026-06-03 11:37:40,149 +++++++++++++++++++++++++++++++++++++++++++++++++++++++
2026-06-03 11:37:40,149 Epoch 9: f1:0.5915, acc:0.5896, mAP:0.6559, f1_a:0.5877, acc_a:0.5870, mAP_a:0.6533, f1_v:0.1101, acc_v:0.1741, mAP_v:0.1790
2026-06-03 11:37:40,150 Epoch 10 is pending...
2026-06-03 11:41:28,275 +++++++++++++++++++++++++++++++++++++++++++++++++++++++
2026-06-03 11:41:28,275 Epoch 10: Average Training Loss: 3.3646
2026-06-03 11:42:10,064 +++++++++++++++++++++++++++++++++++++++++++++++++++++++
2026-06-03 11:42:10,064 Epoch 10: f1:0.6207, acc:0.6224, mAP:0.6697, f1_a:0.6168, acc_a:0.6191, mAP_a:0.6660, f1_v:0.1057, acc_v:0.1741, mAP_v:0.1789
2026-06-03 11:42:10,064 NEW BEST ACC | Epoch 10 | Acc: 0.6224
2026-06-03 11:42:10,154 Model saved to E:/Paper_Experiment/DML/DML_v1/CREMAD_v1/savepath/CREMA-D\dml_cremad_seed0_lr0.01\model_best_clean.pt
2026-06-03 11:42:10,154 Epoch 11 is pending...
2026-06-03 11:45:46,242 +++++++++++++++++++++++++++++++++++++++++++++++++++++++
2026-06-03 11:45:46,242 Epoch 11: Average Training Loss: 3.2947
2026-06-03 11:46:21,703 +++++++++++++++++++++++++++++++++++++++++++++++++++++++
2026-06-03 11:46:21,703 Epoch 11: f1:0.6211, acc:0.6217, mAP:0.6678, f1_a:0.6161, acc_a:0.6172, mAP_a:0.6639, f1_v:0.1138, acc_v:0.1792, mAP_v:0.1808
2026-06-03 11:46:21,704 Epoch 12 is pending...
2026-06-03 11:49:37,202 +++++++++++++++++++++++++++++++++++++++++++++++++++++++
2026-06-03 11:49:37,202 Epoch 12: Average Training Loss: 3.2528
2026-06-03 11:50:12,617 +++++++++++++++++++++++++++++++++++++++++++++++++++++++
2026-06-03 11:50:12,618 Epoch 12: f1:0.5977, acc:0.5999, mAP:0.6651, f1_a:0.5971, acc_a:0.5999, mAP_a:0.6610, f1_v:0.1108, acc_v:0.1747, mAP_v:0.1803
2026-06-03 11:50:12,618 Epoch 13 is pending...
2026-06-03 11:53:31,669 +++++++++++++++++++++++++++++++++++++++++++++++++++++++
2026-06-03 11:53:31,670 Epoch 13: Average Training Loss: 3.2203
2026-06-03 11:54:06,047 +++++++++++++++++++++++++++++++++++++++++++++++++++++++
2026-06-03 11:54:06,047 Epoch 13: f1:0.6085, acc:0.6082, mAP:0.6698, f1_a:0.6090, acc_a:0.6089, mAP_a:0.6662, f1_v:0.1094, acc_v:0.1741, mAP_v:0.1788
2026-06-03 11:54:06,048 Epoch 14 is pending...
2026-06-03 11:58:54,730 +++++++++++++++++++++++++++++++++++++++++++++++++++++++
2026-06-03 11:58:54,731 Epoch 14: Average Training Loss: 3.1908
2026-06-03 12:01:23,174 +++++++++++++++++++++++++++++++++++++++++++++++++++++++
2026-06-03 12:01:23,174 Epoch 14: f1:0.5939, acc:0.5967, mAP:0.6658, f1_a:0.5944, acc_a:0.5973, mAP_a:0.6604, f1_v:0.1104, acc_v:0.1747, mAP_v:0.1785
2026-06-03 12:01:23,175 Epoch 15 is pending...
2026-06-03 12:11:59,122 ---------------------Cfg is set as follow--------------------
2026-06-03 12:11:59,123 {'dataset': {'dataset_name': 'CREMA-D', 'data_root': 'E:/Paper_Experiment/DML/DML_v1/datasets_shared/CREMA-D'}, 'visual': {'name': 'resnet18', 'freeze': False, 'pretrain': False, 'hidden_dim': 512}, 'text': {'name': 'resnet18'}, 'loss': {'type': 'CrossEntropy'}, 'head': {'type': 'MLP'}, 'train': {'epoch_dict': 100, 'batch_size': 16, 'num_workers': 0, 'val_size': 16, 'val_batch_size': 16, 'val_num_workers': 0, 'shuffle': True, 'optimizer': {'type': 'SGD', 'lr': 0.01, 'momentum': 0.9, 'wc': 0.0001}, 'lr_scheduler': {'type': 'normal', 'patience': 70}}, 'test': {'batch_size': 32, 'num_workers': 0}, 'setting': {'type': 'CREMA Classification', 'num_class': 6}, 'experiment': {'name': 'dml_cremad_seed0_lr0.01', 'note': ''}, 'save_dir': 'E:/Paper_Experiment/DML/DML_v1/CREMAD_v1/savepath/CREMA-D', 'output_dir': 'e:\\Paper_Experiment\\DML\\DML_v1\\CREMAD_v1', 'seed': 0, 'fps': 3, 'use_gpu': True, 'gpu_id': 0, 'debug': False, 'run_dir': 'E:/Paper_Experiment/DML/DML_v1/CREMAD_v1/savepath/CREMA-D\\dml_cremad_seed0_lr0.01', 'log_name': 'training.log'}
2026-06-03 12:11:59,123 -------------------------------------------------------------
2026-06-03 12:11:59,365 Train samples: 5869, Val samples: 16, Test samples: 1557
2026-06-03 12:11:59,681 Epoch 0 is pending...
2026-06-03 12:15:09,800 +++++++++++++++++++++++++++++++++++++++++++++++++++++++
2026-06-03 12:15:09,800 Epoch 0: Average Training Loss: 5.4516, loss_fused:1.6778, loss_audio:1.7362, loss_video:2.0376
2026-06-03 12:15:42,897 +++++++++++++++++++++++++++++++++++++++++++++++++++++++
2026-06-03 12:15:42,897 Epoch 0: f1:0.0633, acc:0.1785, mAP:0.2616, f1_a:0.0632, acc_a:0.1785, mAP_a:0.2620, f1_v:0.0485, acc_v:0.1702, mAP_v:0.1746
2026-06-03 12:15:42,897 NEW BEST ACC | Epoch 0 | Acc: 0.1785
2026-06-03 12:15:42,992 Model saved to E:/Paper_Experiment/DML/DML_v1/CREMAD_v1/savepath/CREMA-D\dml_cremad_seed0_lr0.01\model_best_clean.pt
2026-06-03 12:15:42,992 Epoch 1 is pending...
2026-06-03 12:18:47,794 +++++++++++++++++++++++++++++++++++++++++++++++++++++++
2026-06-03 12:18:47,794 Epoch 1: Average Training Loss: 4.7460, loss_fused:1.4586, loss_audio:1.4756, loss_video:1.8118
2026-06-03 12:19:21,602 +++++++++++++++++++++++++++++++++++++++++++++++++++++++
2026-06-03 12:19:21,603 Epoch 1: f1:0.1517, acc:0.2775, mAP:0.3986, f1_a:0.1454, acc_a:0.2762, mAP_a:0.3843, f1_v:0.0486, acc_v:0.1708, mAP_v:0.1752
2026-06-03 12:19:21,603 NEW BEST ACC | Epoch 1 | Acc: 0.2775
2026-06-03 12:19:21,691 Model saved to E:/Paper_Experiment/DML/DML_v1/CREMAD_v1/savepath/CREMA-D\dml_cremad_seed0_lr0.01\model_best_clean.pt
2026-06-03 12:19:21,691 Epoch 2 is pending...
2026-06-03 12:22:30,463 +++++++++++++++++++++++++++++++++++++++++++++++++++++++
2026-06-03 12:22:30,463 Epoch 2: Average Training Loss: 4.6177, loss_fused:1.3932, loss_audio:1.4177, loss_video:1.8068
2026-06-03 12:23:04,899 +++++++++++++++++++++++++++++++++++++++++++++++++++++++
2026-06-03 12:23:04,899 Epoch 2: f1:0.3762, acc:0.4393, mAP:0.5247, f1_a:0.3783, acc_a:0.4399, mAP_a:0.5220, f1_v:0.0886, acc_v:0.1741, mAP_v:0.1765
2026-06-03 12:23:04,900 NEW BEST ACC | Epoch 2 | Acc: 0.4393
2026-06-03 12:23:04,990 Model saved to E:/Paper_Experiment/DML/DML_v1/CREMAD_v1/savepath/CREMA-D\dml_cremad_seed0_lr0.01\model_best_clean.pt
2026-06-03 12:23:04,990 Epoch 3 is pending...
2026-06-03 12:26:16,096 +++++++++++++++++++++++++++++++++++++++++++++++++++++++
2026-06-03 12:26:16,096 Epoch 3: Average Training Loss: 4.3854, loss_fused:1.2900, loss_audio:1.2965, loss_video:1.7989
2026-06-03 12:26:54,813 +++++++++++++++++++++++++++++++++++++++++++++++++++++++
2026-06-03 12:26:54,813 Epoch 3: f1:0.4774, acc:0.4958, mAP:0.5379, f1_a:0.4900, acc_a:0.4997, mAP_a:0.5371, f1_v:0.0566, acc_v:0.1728, mAP_v:0.1828
2026-06-03 12:26:54,813 NEW BEST ACC | Epoch 3 | Acc: 0.4958
2026-06-03 12:26:54,916 Model saved to E:/Paper_Experiment/DML/DML_v1/CREMAD_v1/savepath/CREMA-D\dml_cremad_seed0_lr0.01\model_best_clean.pt
2026-06-03 12:26:54,916 Epoch 4 is pending...
2026-06-03 12:30:05,082 +++++++++++++++++++++++++++++++++++++++++++++++++++++++
2026-06-03 12:30:05,082 Epoch 4: Average Training Loss: 4.2704, loss_fused:1.2313, loss_audio:1.2444, loss_video:1.7948
2026-06-03 12:30:38,762 +++++++++++++++++++++++++++++++++++++++++++++++++++++++
2026-06-03 12:30:38,762 Epoch 4: f1:0.5416, acc:0.5491, mAP:0.5929, f1_a:0.5409, acc_a:0.5491, mAP_a:0.6012, f1_v:0.0486, acc_v:0.1708, mAP_v:0.1773
2026-06-03 12:30:38,762 NEW BEST ACC | Epoch 4 | Acc: 0.5491
2026-06-03 12:30:38,854 Model saved to E:/Paper_Experiment/DML/DML_v1/CREMAD_v1/savepath/CREMA-D\dml_cremad_seed0_lr0.01\model_best_clean.pt
2026-06-03 12:30:38,855 Epoch 5 is pending...
2026-06-03 12:33:45,739 +++++++++++++++++++++++++++++++++++++++++++++++++++++++
2026-06-03 12:33:45,739 Epoch 5: Average Training Loss: 4.1490, loss_fused:1.1775, loss_audio:1.1786, loss_video:1.7928
2026-06-03 12:34:18,380 +++++++++++++++++++++++++++++++++++++++++++++++++++++++
2026-06-03 12:34:18,380 Epoch 5: f1:0.3675, acc:0.3866, mAP:0.5486, f1_a:0.3679, acc_a:0.3892, mAP_a:0.5320, f1_v:0.0748, acc_v:0.1702, mAP_v:0.1828
2026-06-03 12:34:18,380 Epoch 6 is pending...
2026-06-03 12:37:21,526 +++++++++++++++++++++++++++++++++++++++++++++++++++++++
2026-06-03 12:37:21,526 Epoch 6: Average Training Loss: 4.0241, loss_fused:1.1144, loss_audio:1.1155, loss_video:1.7941
2026-06-03 12:37:54,194 +++++++++++++++++++++++++++++++++++++++++++++++++++++++
2026-06-03 12:37:54,194 Epoch 6: f1:0.3708, acc:0.4143, mAP:0.5503, f1_a:0.3741, acc_a:0.4155, mAP_a:0.5457, f1_v:0.0596, acc_v:0.1715, mAP_v:0.1814
2026-06-03 12:37:54,195 Epoch 7 is pending...
2026-06-03 12:40:57,911 +++++++++++++++++++++++++++++++++++++++++++++++++++++++
2026-06-03 12:40:57,911 Epoch 7: Average Training Loss: 3.9172, loss_fused:1.0614, loss_audio:1.0630, loss_video:1.7928
2026-06-03 12:41:34,685 +++++++++++++++++++++++++++++++++++++++++++++++++++++++
2026-06-03 12:41:34,685 Epoch 7: f1:0.4304, acc:0.4515, mAP:0.5653, f1_a:0.4273, acc_a:0.4496, mAP_a:0.5545, f1_v:0.0851, acc_v:0.1676, mAP_v:0.1780
2026-06-03 12:41:34,686 Epoch 8 is pending...
2026-06-03 12:44:40,372 +++++++++++++++++++++++++++++++++++++++++++++++++++++++
2026-06-03 12:44:40,372 Epoch 8: Average Training Loss: 3.8186, loss_fused:1.0118, loss_audio:1.0146, loss_video:1.7921
2026-06-03 12:45:12,987 +++++++++++++++++++++++++++++++++++++++++++++++++++++++
2026-06-03 12:45:12,987 Epoch 8: f1:0.4924, acc:0.5119, mAP:0.5946, f1_a:0.4851, acc_a:0.5035, mAP_a:0.5853, f1_v:0.0716, acc_v:0.1734, mAP_v:0.1836
2026-06-03 12:45:12,988 Epoch 9 is pending...
2026-06-03 12:48:15,588 +++++++++++++++++++++++++++++++++++++++++++++++++++++++
2026-06-03 12:48:15,588 Epoch 9: Average Training Loss: 3.6703, loss_fused:0.9412, loss_audio:0.9374, loss_video:1.7917
2026-06-03 12:48:48,195 +++++++++++++++++++++++++++++++++++++++++++++++++++++++
2026-06-03 12:48:48,195 Epoch 9: f1:0.3071, acc:0.3410, mAP:0.5744, f1_a:0.3039, acc_a:0.3391, mAP_a:0.5433, f1_v:0.1154, acc_v:0.1741, mAP_v:0.1817
2026-06-03 12:48:48,195 Epoch 10 is pending...
2026-06-03 12:51:51,536 +++++++++++++++++++++++++++++++++++++++++++++++++++++++
2026-06-03 12:51:51,536 Epoch 10: Average Training Loss: 3.5753, loss_fused:0.8954, loss_audio:0.8886, loss_video:1.7913
2026-06-03 12:52:24,040 +++++++++++++++++++++++++++++++++++++++++++++++++++++++
2026-06-03 12:52:24,041 Epoch 10: f1:0.5476, acc:0.5594, mAP:0.6407, f1_a:0.5418, acc_a:0.5556, mAP_a:0.6355, f1_v:0.0852, acc_v:0.1747, mAP_v:0.1752
2026-06-03 12:52:24,041 NEW BEST ACC | Epoch 10 | Acc: 0.5594
2026-06-03 12:52:24,218 Model saved to E:/Paper_Experiment/DML/DML_v1/CREMAD_v1/savepath/CREMA-D\dml_cremad_seed0_lr0.01\model_best_clean.pt
2026-06-03 12:52:24,218 Epoch 11 is pending...
2026-06-03 12:55:28,615 +++++++++++++++++++++++++++++++++++++++++++++++++++++++
2026-06-03 12:55:28,615 Epoch 11: Average Training Loss: 3.4598, loss_fused:0.8321, loss_audio:0.8371, loss_video:1.7906
2026-06-03 12:56:03,783 +++++++++++++++++++++++++++++++++++++++++++++++++++++++
2026-06-03 12:56:03,784 Epoch 11: f1:0.4714, acc:0.5100, mAP:0.5940, f1_a:0.4623, acc_a:0.5022, mAP_a:0.5879, f1_v:0.0829, acc_v:0.1676, mAP_v:0.1800
2026-06-03 12:56:03,784 Epoch 12 is pending...
2026-06-03 12:59:13,690 +++++++++++++++++++++++++++++++++++++++++++++++++++++++
2026-06-03 12:59:13,690 Epoch 12: Average Training Loss: 3.2935, loss_fused:0.7546, loss_audio:0.7525, loss_video:1.7864
2026-06-03 12:59:46,652 +++++++++++++++++++++++++++++++++++++++++++++++++++++++
2026-06-03 12:59:46,652 Epoch 12: f1:0.4829, acc:0.4945, mAP:0.6010, f1_a:0.4829, acc_a:0.4952, mAP_a:0.5932, f1_v:0.1310, acc_v:0.1824, mAP_v:0.1826
2026-06-03 12:59:46,652 Epoch 13 is pending...
2026-06-03 13:02:50,672 +++++++++++++++++++++++++++++++++++++++++++++++++++++++
2026-06-03 13:02:50,672 Epoch 13: Average Training Loss: 3.1277, loss_fused:0.6823, loss_audio:0.6879, loss_video:1.7576
2026-06-03 13:03:25,164 +++++++++++++++++++++++++++++++++++++++++++++++++++++++
2026-06-03 13:03:25,165 Epoch 13: f1:0.5170, acc:0.5331, mAP:0.6271, f1_a:0.5065, acc_a:0.5247, mAP_a:0.6084, f1_v:0.1030, acc_v:0.1997, mAP_v:0.2192
2026-06-03 13:03:25,165 Epoch 14 is pending...
2026-06-03 13:06:28,573 +++++++++++++++++++++++++++++++++++++++++++++++++++++++
2026-06-03 13:06:28,573 Epoch 14: Average Training Loss: 2.8579, loss_fused:0.5849, loss_audio:0.6058, loss_video:1.6672
2026-06-03 13:07:01,332 +++++++++++++++++++++++++++++++++++++++++++++++++++++++
2026-06-03 13:07:01,333 Epoch 14: f1:0.5423, acc:0.5440, mAP:0.6495, f1_a:0.5183, acc_a:0.5215, mAP_a:0.6141, f1_v:0.1641, acc_v:0.2575, mAP_v:0.2606
2026-06-03 13:07:01,333 Epoch 15 is pending...
2026-06-03 13:10:04,012 +++++++++++++++++++++++++++++++++++++++++++++++++++++++
2026-06-03 13:10:04,012 Epoch 15: Average Training Loss: 2.6203, loss_fused:0.4883, loss_audio:0.5188, loss_video:1.6132
2026-06-03 13:10:36,555 +++++++++++++++++++++++++++++++++++++++++++++++++++++++
2026-06-03 13:10:36,555 Epoch 15: f1:0.5207, acc:0.5311, mAP:0.6340, f1_a:0.5348, acc_a:0.5491, mAP_a:0.6120, f1_v:0.1379, acc_v:0.2164, mAP_v:0.2394
2026-06-03 13:10:36,556 Epoch 16 is pending...
2026-06-03 13:13:45,841 +++++++++++++++++++++++++++++++++++++++++++++++++++++++
2026-06-03 13:13:45,841 Epoch 16: Average Training Loss: 2.4410, loss_fused:0.4171, loss_audio:0.4487, loss_video:1.5752
2026-06-03 13:14:18,406 +++++++++++++++++++++++++++++++++++++++++++++++++++++++
2026-06-03 13:14:18,406 Epoch 16: f1:0.6092, acc:0.6050, mAP:0.6833, f1_a:0.5841, acc_a:0.5832, mAP_a:0.6448, f1_v:0.1846, acc_v:0.2659, mAP_v:0.2880
2026-06-03 13:14:18,406 NEW BEST ACC | Epoch 16 | Acc: 0.6050
2026-06-03 13:14:18,494 Model saved to E:/Paper_Experiment/DML/DML_v1/CREMAD_v1/savepath/CREMA-D\dml_cremad_seed0_lr0.01\model_best_clean.pt
2026-06-03 13:14:18,495 Epoch 17 is pending...
2026-06-03 13:17:23,992 +++++++++++++++++++++++++++++++++++++++++++++++++++++++
2026-06-03 13:17:23,993 Epoch 17: Average Training Loss: 2.2646, loss_fused:0.3505, loss_audio:0.3816, loss_video:1.5325
2026-06-03 13:17:56,580 +++++++++++++++++++++++++++++++++++++++++++++++++++++++
2026-06-03 13:17:56,580 Epoch 17: f1:0.5630, acc:0.5800, mAP:0.6769, f1_a:0.5270, acc_a:0.5498, mAP_a:0.6215, f1_v:0.2430, acc_v:0.2775, mAP_v:0.3046
2026-06-03 13:17:56,580 Epoch 18 is pending...
2026-06-03 13:21:06,288 +++++++++++++++++++++++++++++++++++++++++++++++++++++++
2026-06-03 13:21:06,288 Epoch 18: Average Training Loss: 2.0810, loss_fused:0.2788, loss_audio:0.2998, loss_video:1.5024
2026-06-03 13:21:39,026 +++++++++++++++++++++++++++++++++++++++++++++++++++++++
2026-06-03 13:21:39,027 Epoch 18: f1:0.5500, acc:0.5742, mAP:0.6879, f1_a:0.5142, acc_a:0.5453, mAP_a:0.6425, f1_v:0.2174, acc_v:0.2749, mAP_v:0.3131
2026-06-03 13:21:39,027 Epoch 19 is pending...
2026-06-03 13:24:50,178 +++++++++++++++++++++++++++++++++++++++++++++++++++++++
2026-06-03 13:24:50,178 Epoch 19: Average Training Loss: 2.0137, loss_fused:0.2559, loss_audio:0.2971, loss_video:1.4608
2026-06-03 13:25:24,553 +++++++++++++++++++++++++++++++++++++++++++++++++++++++
2026-06-03 13:25:24,554 Epoch 19: f1:0.5619, acc:0.5832, mAP:0.6736, f1_a:0.5356, acc_a:0.5453, mAP_a:0.6085, f1_v:0.2252, acc_v:0.2826, mAP_v:0.3406
2026-06-03 13:25:24,554 Epoch 20 is pending...
2026-06-03 13:28:41,340 +++++++++++++++++++++++++++++++++++++++++++++++++++++++
2026-06-03 13:28:41,340 Epoch 20: Average Training Loss: 1.8757, loss_fused:0.2176, loss_audio:0.2449, loss_video:1.4132
2026-06-03 13:29:14,190 +++++++++++++++++++++++++++++++++++++++++++++++++++++++
2026-06-03 13:29:14,190 Epoch 20: f1:0.5468, acc:0.5556, mAP:0.6412, f1_a:0.5222, acc_a:0.5305, mAP_a:0.5963, f1_v:0.2491, acc_v:0.3012, mAP_v:0.3243
2026-06-03 13:29:14,191 Epoch 21 is pending...
2026-06-03 13:32:21,116 +++++++++++++++++++++++++++++++++++++++++++++++++++++++
2026-06-03 13:32:21,116 Epoch 21: Average Training Loss: 1.7019, loss_fused:0.1610, loss_audio:0.1754, loss_video:1.3654
2026-06-03 13:32:54,246 +++++++++++++++++++++++++++++++++++++++++++++++++++++++
2026-06-03 13:32:54,246 Epoch 21: f1:0.4999, acc:0.5247, mAP:0.6541, f1_a:0.4703, acc_a:0.4920, mAP_a:0.5724, f1_v:0.2490, acc_v:0.3314, mAP_v:0.3730
2026-06-03 13:32:54,246 Epoch 22 is pending...
2026-06-03 13:36:03,164 +++++++++++++++++++++++++++++++++++++++++++++++++++++++
2026-06-03 13:36:03,164 Epoch 22: Average Training Loss: 1.6309, loss_fused:0.1355, loss_audio:0.1466, loss_video:1.3488
2026-06-03 13:36:35,949 +++++++++++++++++++++++++++++++++++++++++++++++++++++++
2026-06-03 13:36:35,950 Epoch 22: f1:0.6399, acc:0.6390, mAP:0.7221, f1_a:0.5840, acc_a:0.5909, mAP_a:0.6527, f1_v:0.3159, acc_v:0.3532, mAP_v:0.4033
2026-06-03 13:36:35,950 NEW BEST ACC | Epoch 22 | Acc: 0.6390
2026-06-03 13:36:36,040 Model saved to E:/Paper_Experiment/DML/DML_v1/CREMAD_v1/savepath/CREMA-D\dml_cremad_seed0_lr0.01\model_best_clean.pt
2026-06-03 13:36:36,040 Epoch 23 is pending...
2026-06-03 13:39:41,585 +++++++++++++++++++++++++++++++++++++++++++++++++++++++
2026-06-03 13:39:41,585 Epoch 23: Average Training Loss: 1.6059, loss_fused:0.1300, loss_audio:0.1467, loss_video:1.3291
2026-06-03 13:40:14,117 +++++++++++++++++++++++++++++++++++++++++++++++++++++++
2026-06-03 13:40:14,117 Epoch 23: f1:0.5983, acc:0.6005, mAP:0.6918, f1_a:0.5633, acc_a:0.5645, mAP_a:0.6335, f1_v:0.2732, acc_v:0.3083, mAP_v:0.3535
2026-06-03 13:40:14,118 Epoch 24 is pending...
2026-06-03 13:43:23,349 +++++++++++++++++++++++++++++++++++++++++++++++++++++++
2026-06-03 13:43:23,349 Epoch 24: Average Training Loss: 1.4983, loss_fused:0.0982, loss_audio:0.1025, loss_video:1.2975
2026-06-03 13:43:55,876 +++++++++++++++++++++++++++++++++++++++++++++++++++++++
2026-06-03 13:43:55,876 Epoch 24: f1:0.6433, acc:0.6461, mAP:0.7082, f1_a:0.5935, acc_a:0.5941, mAP_a:0.6435, f1_v:0.3435, acc_v:0.3911, mAP_v:0.4295
2026-06-03 13:43:55,876 NEW BEST ACC | Epoch 24 | Acc: 0.6461
2026-06-03 13:43:55,965 Model saved to E:/Paper_Experiment/DML/DML_v1/CREMAD_v1/savepath/CREMA-D\dml_cremad_seed0_lr0.01\model_best_clean.pt
2026-06-03 13:43:55,965 Epoch 25 is pending...
2026-06-03 13:46:59,449 +++++++++++++++++++++++++++++++++++++++++++++++++++++++
2026-06-03 13:46:59,449 Epoch 25: Average Training Loss: 1.4231, loss_fused:0.0743, loss_audio:0.0823, loss_video:1.2665
2026-06-03 13:47:31,983 +++++++++++++++++++++++++++++++++++++++++++++++++++++++
2026-06-03 13:47:31,983 Epoch 25: f1:0.6294, acc:0.6326, mAP:0.7042, f1_a:0.5982, acc_a:0.6050, mAP_a:0.6547, f1_v:0.3520, acc_v:0.3616, mAP_v:0.4036
2026-06-03 13:47:31,984 Epoch 26 is pending...
2026-06-03 13:50:34,973 +++++++++++++++++++++++++++++++++++++++++++++++++++++++
2026-06-03 13:50:34,973 Epoch 26: Average Training Loss: 1.4317, loss_fused:0.0840, loss_audio:0.1014, loss_video:1.2463
2026-06-03 13:51:07,586 +++++++++++++++++++++++++++++++++++++++++++++++++++++++
2026-06-03 13:51:07,586 Epoch 26: f1:0.6037, acc:0.6114, mAP:0.7009, f1_a:0.5588, acc_a:0.5633, mAP_a:0.6203, f1_v:0.3309, acc_v:0.3937, mAP_v:0.4520
2026-06-03 13:51:07,586 Epoch 27 is pending...
2026-06-03 13:54:36,498 +++++++++++++++++++++++++++++++++++++++++++++++++++++++
2026-06-03 13:54:36,498 Epoch 27: Average Training Loss: 1.3789, loss_fused:0.0707, loss_audio:0.0868, loss_video:1.2214
2026-06-03 13:55:10,246 +++++++++++++++++++++++++++++++++++++++++++++++++++++++
2026-06-03 13:55:10,246 Epoch 27: f1:0.5588, acc:0.5658, mAP:0.6652, f1_a:0.5049, acc_a:0.5145, mAP_a:0.5947, f1_v:0.3280, acc_v:0.3776, mAP_v:0.4318
2026-06-03 13:55:10,247 Epoch 28 is pending...
2026-06-03 13:58:21,615 +++++++++++++++++++++++++++++++++++++++++++++++++++++++
2026-06-03 13:58:21,616 Epoch 28: Average Training Loss: 1.3609, loss_fused:0.0666, loss_audio:0.0822, loss_video:1.2121
2026-06-03 13:58:54,308 +++++++++++++++++++++++++++++++++++++++++++++++++++++++
2026-06-03 13:58:54,309 Epoch 28: f1:0.6024, acc:0.6101, mAP:0.7117, f1_a:0.5673, acc_a:0.5716, mAP_a:0.6339, f1_v:0.2514, acc_v:0.3340, mAP_v:0.4296
2026-06-03 13:58:54,309 Epoch 29 is pending...
2026-06-03 14:01:57,730 +++++++++++++++++++++++++++++++++++++++++++++++++++++++
2026-06-03 14:01:57,730 Epoch 29: Average Training Loss: 1.2862, loss_fused:0.0501, loss_audio:0.0564, loss_video:1.1798
2026-06-03 14:02:30,377 +++++++++++++++++++++++++++++++++++++++++++++++++++++++
2026-06-03 14:02:30,377 Epoch 29: f1:0.6447, acc:0.6423, mAP:0.7137, f1_a:0.5817, acc_a:0.5832, mAP_a:0.6287, f1_v:0.3336, acc_v:0.3866, mAP_v:0.4315
2026-06-03 14:02:30,378 Epoch 30 is pending...
2026-06-03 14:05:48,191 +++++++++++++++++++++++++++++++++++++++++++++++++++++++
2026-06-03 14:05:48,191 Epoch 30: Average Training Loss: 1.2567, loss_fused:0.0398, loss_audio:0.0433, loss_video:1.1737
2026-06-03 14:06:21,693 +++++++++++++++++++++++++++++++++++++++++++++++++++++++
2026-06-03 14:06:21,693 Epoch 30: f1:0.6415, acc:0.6442, mAP:0.7153, f1_a:0.5923, acc_a:0.5960, mAP_a:0.6543, f1_v:0.3618, acc_v:0.3802, mAP_v:0.4060
2026-06-03 14:06:21,693 Epoch 31 is pending...
2026-06-03 14:09:28,070 +++++++++++++++++++++++++++++++++++++++++++++++++++++++
2026-06-03 14:09:28,070 Epoch 31: Average Training Loss: 1.2450, loss_fused:0.0417, loss_audio:0.0453, loss_video:1.1580
2026-06-03 14:10:00,731 +++++++++++++++++++++++++++++++++++++++++++++++++++++++
2026-06-03 14:10:00,731 Epoch 31: f1:0.6276, acc:0.6281, mAP:0.7187, f1_a:0.5760, acc_a:0.5755, mAP_a:0.6459, f1_v:0.3989, acc_v:0.4252, mAP_v:0.4657
2026-06-03 14:10:00,732 Epoch 32 is pending...
2026-06-03 14:13:09,905 +++++++++++++++++++++++++++++++++++++++++++++++++++++++
2026-06-03 14:13:09,906 Epoch 32: Average Training Loss: 1.2383, loss_fused:0.0462, loss_audio:0.0531, loss_video:1.1390
2026-06-03 14:13:42,452 +++++++++++++++++++++++++++++++++++++++++++++++++++++++
2026-06-03 14:13:42,453 Epoch 32: f1:0.5247, acc:0.5472, mAP:0.6673, f1_a:0.4706, acc_a:0.4843, mAP_a:0.5818, f1_v:0.3839, acc_v:0.4277, mAP_v:0.4683
2026-06-03 14:13:42,453 Epoch 33 is pending...
2026-06-03 14:16:45,444 +++++++++++++++++++++++++++++++++++++++++++++++++++++++
2026-06-03 14:16:45,445 Epoch 33: Average Training Loss: 1.2061, loss_fused:0.0409, loss_audio:0.0514, loss_video:1.1138
2026-06-03 14:17:17,889 +++++++++++++++++++++++++++++++++++++++++++++++++++++++
2026-06-03 14:17:17,889 Epoch 33: f1:0.6402, acc:0.6448, mAP:0.7174, f1_a:0.5672, acc_a:0.5716, mAP_a:0.6324, f1_v:0.3861, acc_v:0.4155, mAP_v:0.4997
2026-06-03 14:17:17,890 Epoch 34 is pending...
2026-06-03 14:20:21,408 +++++++++++++++++++++++++++++++++++++++++++++++++++++++
2026-06-03 14:20:21,408 Epoch 34: Average Training Loss: 1.1843, loss_fused:0.0437, loss_audio:0.0532, loss_video:1.0874
2026-06-03 14:20:54,210 +++++++++++++++++++++++++++++++++++++++++++++++++++++++
2026-06-03 14:20:54,211 Epoch 34: f1:0.6085, acc:0.6191, mAP:0.7204, f1_a:0.5741, acc_a:0.5780, mAP_a:0.6286, f1_v:0.3238, acc_v:0.3654, mAP_v:0.4659
2026-06-03 14:20:54,211 Epoch 35 is pending...
2026-06-03 14:23:57,317 +++++++++++++++++++++++++++++++++++++++++++++++++++++++
2026-06-03 14:23:57,317 Epoch 35: Average Training Loss: 1.1575, loss_fused:0.0337, loss_audio:0.0376, loss_video:1.0862
2026-06-03 14:24:30,111 +++++++++++++++++++++++++++++++++++++++++++++++++++++++
2026-06-03 14:24:30,111 Epoch 35: f1:0.6587, acc:0.6660, mAP:0.7442, f1_a:0.6003, acc_a:0.6044, mAP_a:0.6627, f1_v:0.3405, acc_v:0.4085, mAP_v:0.4759
2026-06-03 14:24:30,111 NEW BEST ACC | Epoch 35 | Acc: 0.6660
2026-06-03 14:24:30,198 Model saved to E:/Paper_Experiment/DML/DML_v1/CREMAD_v1/savepath/CREMA-D\dml_cremad_seed0_lr0.01\model_best_clean.pt
2026-06-03 14:24:30,199 Epoch 36 is pending...
2026-06-03 14:27:39,782 +++++++++++++++++++++++++++++++++++++++++++++++++++++++
2026-06-03 14:27:39,782 Epoch 36: Average Training Loss: 1.0926, loss_fused:0.0207, loss_audio:0.0161, loss_video:1.0559
2026-06-03 14:28:12,372 +++++++++++++++++++++++++++++++++++++++++++++++++++++++
2026-06-03 14:28:12,372 Epoch 36: f1:0.6646, acc:0.6673, mAP:0.7305, f1_a:0.6083, acc_a:0.6101, mAP_a:0.6520, f1_v:0.4112, acc_v:0.4387, mAP_v:0.4792
2026-06-03 14:28:12,372 NEW BEST ACC | Epoch 36 | Acc: 0.6673
2026-06-03 14:28:12,460 Model saved to E:/Paper_Experiment/DML/DML_v1/CREMAD_v1/savepath/CREMA-D\dml_cremad_seed0_lr0.01\model_best_clean.pt
2026-06-03 14:28:12,460 Epoch 37 is pending...
2026-06-03 14:31:18,160 +++++++++++++++++++++++++++++++++++++++++++++++++++++++
2026-06-03 14:31:18,160 Epoch 37: Average Training Loss: 1.0679, loss_fused:0.0146, loss_audio:0.0130, loss_video:1.0404
2026-06-03 14:31:51,963 +++++++++++++++++++++++++++++++++++++++++++++++++++++++
2026-06-03 14:31:51,963 Epoch 37: f1:0.6466, acc:0.6519, mAP:0.7241, f1_a:0.5847, acc_a:0.5909, mAP_a:0.6501, f1_v:0.3887, acc_v:0.4220, mAP_v:0.4914
2026-06-03 14:31:51,964 Epoch 38 is pending...
2026-06-03 14:34:54,727 +++++++++++++++++++++++++++++++++++++++++++++++++++++++
2026-06-03 14:34:54,727 Epoch 38: Average Training Loss: 1.0532, loss_fused:0.0190, loss_audio:0.0165, loss_video:1.0177
2026-06-03 14:35:27,319 +++++++++++++++++++++++++++++++++++++++++++++++++++++++
2026-06-03 14:35:27,319 Epoch 38: f1:0.6718, acc:0.6731, mAP:0.7411, f1_a:0.6140, acc_a:0.6159, mAP_a:0.6493, f1_v:0.3626, acc_v:0.4136, mAP_v:0.4989
2026-06-03 14:35:27,319 NEW BEST ACC | Epoch 38 | Acc: 0.6731
2026-06-03 14:35:27,407 Model saved to E:/Paper_Experiment/DML/DML_v1/CREMAD_v1/savepath/CREMA-D\dml_cremad_seed0_lr0.01\model_best_clean.pt
2026-06-03 14:35:27,407 Epoch 39 is pending...
2026-06-03 14:38:29,606 +++++++++++++++++++++++++++++++++++++++++++++++++++++++
2026-06-03 14:38:29,606 Epoch 39: Average Training Loss: 1.0415, loss_fused:0.0120, loss_audio:0.0072, loss_video:1.0223
2026-06-03 14:39:02,070 +++++++++++++++++++++++++++++++++++++++++++++++++++++++
2026-06-03 14:39:02,070 Epoch 39: f1:0.6692, acc:0.6705, mAP:0.7381, f1_a:0.6058, acc_a:0.6063, mAP_a:0.6529, f1_v:0.4280, acc_v:0.4432, mAP_v:0.4995
2026-06-03 14:39:02,071 Epoch 40 is pending...
2026-06-03 14:42:10,458 +++++++++++++++++++++++++++++++++++++++++++++++++++++++
2026-06-03 14:42:10,458 Epoch 40: Average Training Loss: 1.0070, loss_fused:0.0063, loss_audio:0.0034, loss_video:0.9972
2026-06-03 14:42:42,887 +++++++++++++++++++++++++++++++++++++++++++++++++++++++
2026-06-03 14:42:42,888 Epoch 40: f1:0.6527, acc:0.6570, mAP:0.7402, f1_a:0.5833, acc_a:0.5857, mAP_a:0.6462, f1_v:0.4106, acc_v:0.4566, mAP_v:0.5251
2026-06-03 14:42:42,888 Epoch 41 is pending...
2026-06-03 14:45:45,196 +++++++++++++++++++++++++++++++++++++++++++++++++++++++
2026-06-03 14:45:45,196 Epoch 41: Average Training Loss: 0.9992, loss_fused:0.0056, loss_audio:0.0041, loss_video:0.9896
2026-06-03 14:46:17,536 +++++++++++++++++++++++++++++++++++++++++++++++++++++++
2026-06-03 14:46:17,536 Epoch 41: f1:0.6706, acc:0.6724, mAP:0.7446, f1_a:0.6159, acc_a:0.6166, mAP_a:0.6621, f1_v:0.4439, acc_v:0.4605, mAP_v:0.5060
2026-06-03 14:46:17,537 Epoch 42 is pending...
2026-06-03 14:49:19,683 +++++++++++++++++++++++++++++++++++++++++++++++++++++++
2026-06-03 14:49:19,684 Epoch 42: Average Training Loss: 0.9709, loss_fused:0.0051, loss_audio:0.0035, loss_video:0.9624
2026-06-03 14:49:52,079 +++++++++++++++++++++++++++++++++++++++++++++++++++++++
2026-06-03 14:49:52,079 Epoch 42: f1:0.6734, acc:0.6750, mAP:0.7393, f1_a:0.6236, acc_a:0.6243, mAP_a:0.6667, f1_v:0.4108, acc_v:0.4457, mAP_v:0.4955
2026-06-03 14:49:52,079 NEW BEST ACC | Epoch 42 | Acc: 0.6750
2026-06-03 14:49:52,166 Model saved to E:/Paper_Experiment/DML/DML_v1/CREMAD_v1/savepath/CREMA-D\dml_cremad_seed0_lr0.01\model_best_clean.pt
2026-06-03 14:49:52,166 Epoch 43 is pending...
2026-06-03 14:52:54,475 +++++++++++++++++++++++++++++++++++++++++++++++++++++++
2026-06-03 14:52:54,475 Epoch 43: Average Training Loss: 0.9612, loss_fused:0.0038, loss_audio:0.0019, loss_video:0.9555
2026-06-03 14:53:29,547 +++++++++++++++++++++++++++++++++++++++++++++++++++++++
2026-06-03 14:53:29,547 Epoch 43: f1:0.6759, acc:0.6776, mAP:0.7510, f1_a:0.6166, acc_a:0.6191, mAP_a:0.6643, f1_v:0.4371, acc_v:0.4637, mAP_v:0.5414
2026-06-03 14:53:29,547 NEW BEST ACC | Epoch 43 | Acc: 0.6776
2026-06-03 14:53:29,638 Model saved to E:/Paper_Experiment/DML/DML_v1/CREMAD_v1/savepath/CREMA-D\dml_cremad_seed0_lr0.01\model_best_clean.pt
2026-06-03 14:53:29,639 Epoch 44 is pending...
2026-06-03 14:57:46,897 +++++++++++++++++++++++++++++++++++++++++++++++++++++++
2026-06-03 14:57:46,897 Epoch 44: Average Training Loss: 0.9569, loss_fused:0.0053, loss_audio:0.0031, loss_video:0.9486
2026-06-03 14:58:22,438 +++++++++++++++++++++++++++++++++++++++++++++++++++++++
2026-06-03 14:58:22,438 Epoch 44: f1:0.6650, acc:0.6667, mAP:0.7391, f1_a:0.6070, acc_a:0.6076, mAP_a:0.6539, f1_v:0.4248, acc_v:0.4496, mAP_v:0.4961
2026-06-03 14:58:22,439 Epoch 45 is pending...
2026-06-03 15:03:11,676 +++++++++++++++++++++++++++++++++++++++++++++++++++++++
2026-06-03 15:03:11,676 Epoch 45: Average Training Loss: 0.9343, loss_fused:0.0053, loss_audio:0.0026, loss_video:0.9265
2026-06-03 15:03:46,296 +++++++++++++++++++++++++++++++++++++++++++++++++++++++
2026-06-03 15:03:46,296 Epoch 45: f1:0.6657, acc:0.6692, mAP:0.7575, f1_a:0.6079, acc_a:0.6095, mAP_a:0.6616, f1_v:0.3442, acc_v:0.4200, mAP_v:0.5282
2026-06-03 15:03:46,296 Epoch 46 is pending...
2026-06-03 15:10:22,065 +++++++++++++++++++++++++++++++++++++++++++++++++++++++
2026-06-03 15:10:22,066 Epoch 46: Average Training Loss: 0.9272, loss_fused:0.0034, loss_audio:0.0014, loss_video:0.9224
2026-06-03 15:10:56,401 +++++++++++++++++++++++++++++++++++++++++++++++++++++++
2026-06-03 15:10:56,401 Epoch 46: f1:0.6803, acc:0.6808, mAP:0.7587, f1_a:0.6191, acc_a:0.6191, mAP_a:0.6623, f1_v:0.4330, acc_v:0.4528, mAP_v:0.5502
2026-06-03 15:10:56,402 NEW BEST ACC | Epoch 46 | Acc: 0.6808
2026-06-03 15:10:56,504 Model saved to E:/Paper_Experiment/DML/DML_v1/CREMAD_v1/savepath/CREMA-D\dml_cremad_seed0_lr0.01\model_best_clean.pt
2026-06-03 15:10:56,504 Epoch 47 is pending...
2026-06-03 15:14:17,721 +++++++++++++++++++++++++++++++++++++++++++++++++++++++
2026-06-03 15:14:17,721 Epoch 47: Average Training Loss: 0.9192, loss_fused:0.0037, loss_audio:0.0021, loss_video:0.9134
2026-06-03 15:15:06,556 +++++++++++++++++++++++++++++++++++++++++++++++++++++++
2026-06-03 15:15:06,556 Epoch 47: f1:0.6708, acc:0.6712, mAP:0.7457, f1_a:0.6170, acc_a:0.6179, mAP_a:0.6660, f1_v:0.4180, acc_v:0.4387, mAP_v:0.5049
2026-06-03 15:15:06,557 Epoch 48 is pending...
2026-06-03 15:18:59,682 +++++++++++++++++++++++++++++++++++++++++++++++++++++++
2026-06-03 15:18:59,682 Epoch 48: Average Training Loss: 0.9105, loss_fused:0.0032, loss_audio:0.0014, loss_video:0.9059
2026-06-03 15:19:41,456 +++++++++++++++++++++++++++++++++++++++++++++++++++++++
2026-06-03 15:19:41,456 Epoch 48: f1:0.6718, acc:0.6724, mAP:0.7453, f1_a:0.6220, acc_a:0.6230, mAP_a:0.6703, f1_v:0.4086, acc_v:0.4239, mAP_v:0.4841
2026-06-03 15:19:41,457 Epoch 49 is pending...
2026-06-03 15:24:44,387 +++++++++++++++++++++++++++++++++++++++++++++++++++++++
2026-06-03 15:24:44,387 Epoch 49: Average Training Loss: 0.9165, loss_fused:0.0029, loss_audio:0.0020, loss_video:0.9116
2026-06-03 15:25:18,641 +++++++++++++++++++++++++++++++++++++++++++++++++++++++
2026-06-03 15:25:18,641 Epoch 49: f1:0.6612, acc:0.6628, mAP:0.7520, f1_a:0.6117, acc_a:0.6121, mAP_a:0.6714, f1_v:0.3740, acc_v:0.4310, mAP_v:0.5101
2026-06-03 15:25:18,641 Epoch 50 is pending...
2026-06-03 15:29:48,703 +++++++++++++++++++++++++++++++++++++++++++++++++++++++
2026-06-03 15:29:48,703 Epoch 50: Average Training Loss: 0.8942, loss_fused:0.0030, loss_audio:0.0014, loss_video:0.8898
2026-06-03 15:30:21,933 +++++++++++++++++++++++++++++++++++++++++++++++++++++++
2026-06-03 15:30:21,933 Epoch 50: f1:0.6687, acc:0.6718, mAP:0.7500, f1_a:0.6161, acc_a:0.6172, mAP_a:0.6717, f1_v:0.4359, acc_v:0.4689, mAP_v:0.5248
2026-06-03 15:30:21,934 Epoch 51 is pending...
2026-06-03 15:33:54,552 +++++++++++++++++++++++++++++++++++++++++++++++++++++++
2026-06-03 15:33:54,553 Epoch 51: Average Training Loss: 0.9000, loss_fused:0.0026, loss_audio:0.0017, loss_video:0.8957
2026-06-03 15:34:26,780 +++++++++++++++++++++++++++++++++++++++++++++++++++++++
2026-06-03 15:34:26,780 Epoch 51: f1:0.6885, acc:0.6904, mAP:0.7628, f1_a:0.6175, acc_a:0.6198, mAP_a:0.6717, f1_v:0.4481, acc_v:0.4746, mAP_v:0.5292
2026-06-03 15:34:26,781 NEW BEST ACC | Epoch 51 | Acc: 0.6904
2026-06-03 15:34:26,868 Model saved to E:/Paper_Experiment/DML/DML_v1/CREMAD_v1/savepath/CREMA-D\dml_cremad_seed0_lr0.01\model_best_clean.pt
2026-06-03 15:34:26,868 Epoch 52 is pending...
2026-06-03 15:38:02,516 +++++++++++++++++++++++++++++++++++++++++++++++++++++++
2026-06-03 15:38:02,516 Epoch 52: Average Training Loss: 0.8626, loss_fused:0.0028, loss_audio:0.0013, loss_video:0.8586
2026-06-03 15:38:36,479 +++++++++++++++++++++++++++++++++++++++++++++++++++++++
2026-06-03 15:38:36,480 Epoch 52: f1:0.6686, acc:0.6705, mAP:0.7556, f1_a:0.6162, acc_a:0.6185, mAP_a:0.6694, f1_v:0.4568, acc_v:0.4727, mAP_v:0.5476
2026-06-03 15:38:36,480 Epoch 53 is pending...
2026-06-03 15:41:43,627 +++++++++++++++++++++++++++++++++++++++++++++++++++++++
2026-06-03 15:41:43,628 Epoch 53: Average Training Loss: 0.8685, loss_fused:0.0028, loss_audio:0.0012, loss_video:0.8645
2026-06-03 15:42:19,400 +++++++++++++++++++++++++++++++++++++++++++++++++++++++
2026-06-03 15:42:19,400 Epoch 53: f1:0.6650, acc:0.6692, mAP:0.7520, f1_a:0.6101, acc_a:0.6127, mAP_a:0.6679, f1_v:0.4323, acc_v:0.4470, mAP_v:0.5051
2026-06-03 15:42:19,401 Epoch 54 is pending...
2026-06-03 15:46:16,756 +++++++++++++++++++++++++++++++++++++++++++++++++++++++
2026-06-03 15:46:16,757 Epoch 54: Average Training Loss: 0.8587, loss_fused:0.0025, loss_audio:0.0013, loss_video:0.8549
2026-06-03 15:46:49,067 +++++++++++++++++++++++++++++++++++++++++++++++++++++++
2026-06-03 15:46:49,067 Epoch 54: f1:0.6883, acc:0.6885, mAP:0.7734, f1_a:0.6261, acc_a:0.6268, mAP_a:0.6766, f1_v:0.4676, acc_v:0.4849, mAP_v:0.5616
2026-06-03 15:46:49,068 Epoch 55 is pending...
2026-06-03 15:51:27,245 +++++++++++++++++++++++++++++++++++++++++++++++++++++++
2026-06-03 15:51:27,246 Epoch 55: Average Training Loss: 0.8619, loss_fused:0.0023, loss_audio:0.0012, loss_video:0.8585
2026-06-03 15:52:05,334 +++++++++++++++++++++++++++++++++++++++++++++++++++++++
2026-06-03 15:52:05,334 Epoch 55: f1:0.6885, acc:0.6891, mAP:0.7574, f1_a:0.6231, acc_a:0.6230, mAP_a:0.6735, f1_v:0.4745, acc_v:0.4855, mAP_v:0.5485
2026-06-03 15:52:05,334 Epoch 56 is pending...
2026-06-05 01:52:39,534 ---------------------Cfg is set as follow--------------------
2026-06-05 01:52:39,534 {'dataset': {'dataset_name': 'CREMA-D', 'data_root': 'E:/Paper_Experiment/DML/DML_v1/datasets_shared/CREMA-D'}, 'visual': {'name': 'resnet18', 'freeze': False, 'pretrain': False, 'hidden_dim': 512}, 'text': {'name': 'resnet18'}, 'loss': {'type': 'CrossEntropy'}, 'head': {'type': 'MLP'}, 'train': {'epoch_dict': 100, 'batch_size': 16, 'num_workers': 0, 'val_size': 16, 'val_batch_size': 16, 'val_num_workers': 0, 'shuffle': True, 'optimizer': {'type': 'SGD', 'lr': 0.01, 'momentum': 0.9, 'wc': 0.0001}, 'lr_scheduler': {'type': 'normal', 'patience': 70}}, 'test': {'batch_size': 16, 'num_workers': 0}, 'setting': {'type': 'CREMA Classification', 'num_class': 6}, 'experiment': {'name': 'dml_cremad_seed0_lr0.01', 'note': ''}, 'save_dir': 'E:/Paper_Experiment/DML/DML_v1/CREMAD_v1/savepath/CREMA-D', 'output_dir': 'e:\\Paper_Experiment\\DML\\DML_v1\\CREMAD_v2', 'seed': 0, 'fps': 3, 'ib_beta': 0.001, 'ib_eps_scale': 1.0, 'use_gpu': True, 'gpu_id': 0, 'debug': False, 'run_dir': 'E:/Paper_Experiment/DML/DML_v1/CREMAD_v1/savepath/CREMA-D\\dml_cremad_seed0_lr0.01', 'log_name': 'training.log'}
2026-06-05 01:52:39,534 -------------------------------------------------------------
2026-06-05 01:52:39,835 Train samples: 5869, Val samples: 16, Test samples: 1557
2026-06-05 01:52:40,142 Epoch 0 is pending...
2026-06-05 01:56:00,506 +++++++++++++++++++++++++++++++++++++++++++++++++++++++
2026-06-05 01:56:00,507 Epoch 0: Average Training Loss: 5.5784, loss_fused:1.7037, loss_audio:1.7345, loss_video:2.1001, loss_ib:0.0400, acc_fused:0.3007, acc_audio:0.3398, acc_video:0.1583
2026-06-05 01:56:34,998 +++++++++++++++++++++++++++++++++++++++++++++++++++++++
2026-06-05 01:56:34,998 Epoch 0: f1:0.1810, acc:0.2961, mAP:0.4208, f1_a:0.1698, acc_a:0.2794, mAP_a:0.4065, f1_v:0.0814, acc_v:0.1715, mAP_v:0.1764
2026-06-05 01:56:34,998 NEW BEST ACC | Epoch 0 | Acc: 0.2961
2026-06-05 01:56:35,085 Model saved to E:/Paper_Experiment/DML/DML_v1/CREMAD_v1/savepath/CREMA-D\dml_cremad_seed0_lr0.01\model_best_clean.pt
2026-06-05 01:56:35,085 Epoch 1 is pending...
2026-06-05 01:59:43,696 +++++++++++++++++++++++++++++++++++++++++++++++++++++++
2026-06-05 01:59:43,696 Epoch 1: Average Training Loss: 4.8695, loss_fused:1.4810, loss_audio:1.4998, loss_video:1.8574, loss_ib:0.0312, acc_fused:0.3994, acc_audio:0.4178, acc_video:0.1653
2026-06-05 02:00:16,985 +++++++++++++++++++++++++++++++++++++++++++++++++++++++
2026-06-05 02:00:16,985 Epoch 1: f1:0.0486, acc:0.1708, mAP:0.1840, f1_a:0.0486, acc_a:0.1708, mAP_a:0.1768, f1_v:0.0767, acc_v:0.1715, mAP_v:0.1753
2026-06-05 02:00:16,986 Epoch 2 is pending...
2026-06-05 02:03:24,139 +++++++++++++++++++++++++++++++++++++++++++++++++++++++
2026-06-05 02:03:24,140 Epoch 2: Average Training Loss: 4.6294, loss_fused:1.3872, loss_audio:1.3872, loss_video:1.8241, loss_ib:0.0309, acc_fused:0.4345, acc_audio:0.4532, acc_video:0.1704
2026-06-05 02:03:57,522 +++++++++++++++++++++++++++++++++++++++++++++++++++++++
2026-06-05 02:03:57,522 Epoch 2: f1:0.1318, acc:0.2646, mAP:0.2760, f1_a:0.1329, acc_a:0.2646, mAP_a:0.2763, f1_v:0.0425, acc_v:0.1458, mAP_v:0.1738
2026-06-05 02:03:57,523 Epoch 3 is pending...
2026-06-05 02:07:03,402 +++++++++++++++++++++++++++++++++++++++++++++++++++++++
2026-06-05 02:07:03,402 Epoch 3: Average Training Loss: 4.4798, loss_fused:1.3164, loss_audio:1.3121, loss_video:1.8177, loss_ib:0.0336, acc_fused:0.4800, acc_audio:0.4980, acc_video:0.1617
2026-06-05 02:07:36,681 +++++++++++++++++++++++++++++++++++++++++++++++++++++++
2026-06-05 02:07:36,682 Epoch 3: f1:0.4872, acc:0.5035, mAP:0.5439, f1_a:0.4789, acc_a:0.4971, mAP_a:0.5411, f1_v:0.0486, acc_v:0.1708, mAP_v:0.1777
2026-06-05 02:07:36,682 NEW BEST ACC | Epoch 3 | Acc: 0.5035
2026-06-05 02:07:36,774 Model saved to E:/Paper_Experiment/DML/DML_v1/CREMAD_v1/savepath/CREMA-D\dml_cremad_seed0_lr0.01\model_best_clean.pt
2026-06-05 02:07:36,774 Epoch 4 is pending...
2026-06-05 02:10:48,082 +++++++++++++++++++++++++++++++++++++++++++++++++++++++
2026-06-05 02:10:48,083 Epoch 4: Average Training Loss: 4.3264, loss_fused:1.2468, loss_audio:1.2353, loss_video:1.8104, loss_ib:0.0340, acc_fused:0.5246, acc_audio:0.5323, acc_video:0.1668
2026-06-05 02:11:21,302 +++++++++++++++++++++++++++++++++++++++++++++++++++++++
2026-06-05 02:11:21,302 Epoch 4: f1:0.4894, acc:0.4881, mAP:0.5803, f1_a:0.4928, acc_a:0.4900, mAP_a:0.5692, f1_v:0.0640, acc_v:0.1477, mAP_v:0.1803
2026-06-05 02:11:21,302 Epoch 5 is pending...
2026-06-05 02:14:25,182 +++++++++++++++++++++++++++++++++++++++++++++++++++++++
2026-06-05 02:14:25,182 Epoch 5: Average Training Loss: 4.2397, loss_fused:1.2019, loss_audio:1.1874, loss_video:1.8127, loss_ib:0.0376, acc_fused:0.5396, acc_audio:0.5464, acc_video:0.1568
2026-06-05 02:14:58,348 +++++++++++++++++++++++++++++++++++++++++++++++++++++++
2026-06-05 02:14:58,349 Epoch 5: f1:0.3750, acc:0.4220, mAP:0.5512, f1_a:0.3769, acc_a:0.4226, mAP_a:0.5405, f1_v:0.0791, acc_v:0.1715, mAP_v:0.1786
2026-06-05 02:14:58,349 Epoch 6 is pending...
2026-06-05 02:18:01,484 +++++++++++++++++++++++++++++++++++++++++++++++++++++++
2026-06-05 02:18:01,484 Epoch 6: Average Training Loss: 4.1347, loss_fused:1.1502, loss_audio:1.1362, loss_video:1.8109, loss_ib:0.0375, acc_fused:0.5706, acc_audio:0.5773, acc_video:0.1709
2026-06-05 02:18:34,872 +++++++++++++++++++++++++++++++++++++++++++++++++++++++
2026-06-05 02:18:34,873 Epoch 6: f1:0.4947, acc:0.5100, mAP:0.6208, f1_a:0.5091, acc_a:0.5189, mAP_a:0.6182, f1_v:0.0485, acc_v:0.1702, mAP_v:0.1870
2026-06-05 02:18:34,873 NEW BEST ACC | Epoch 6 | Acc: 0.5100
2026-06-05 02:18:34,964 Model saved to E:/Paper_Experiment/DML/DML_v1/CREMAD_v1/savepath/CREMA-D\dml_cremad_seed0_lr0.01\model_best_clean.pt
2026-06-05 02:18:34,964 Epoch 7 is pending...
2026-06-05 02:21:37,713 +++++++++++++++++++++++++++++++++++++++++++++++++++++++
2026-06-05 02:21:37,713 Epoch 7: Average Training Loss: 3.9917, loss_fused:1.0861, loss_audio:1.0642, loss_video:1.8030, loss_ib:0.0385, acc_fused:0.5912, acc_audio:0.5998, acc_video:0.1743
2026-06-05 02:22:11,042 +++++++++++++++++++++++++++++++++++++++++++++++++++++++
2026-06-05 02:22:11,042 Epoch 7: f1:0.5527, acc:0.5626, mAP:0.6368, f1_a:0.5627, acc_a:0.5729, mAP_a:0.6367, f1_v:0.0486, acc_v:0.1708, mAP_v:0.1792
2026-06-05 02:22:11,043 NEW BEST ACC | Epoch 7 | Acc: 0.5626
2026-06-05 02:22:11,134 Model saved to E:/Paper_Experiment/DML/DML_v1/CREMAD_v1/savepath/CREMA-D\dml_cremad_seed0_lr0.01\model_best_clean.pt
2026-06-05 02:22:11,134 Epoch 8 is pending...
2026-06-05 02:25:20,373 +++++++++++++++++++++++++++++++++++++++++++++++++++++++
2026-06-05 02:25:20,373 Epoch 8: Average Training Loss: 3.8940, loss_fused:1.0319, loss_audio:1.0142, loss_video:1.8067, loss_ib:0.0413, acc_fused:0.6182, acc_audio:0.6258, acc_video:0.1699
2026-06-05 02:25:54,353 +++++++++++++++++++++++++++++++++++++++++++++++++++++++
2026-06-05 02:25:54,353 Epoch 8: f1:0.5489, acc:0.5607, mAP:0.6172, f1_a:0.5589, acc_a:0.5690, mAP_a:0.6146, f1_v:0.0486, acc_v:0.1708, mAP_v:0.1874
2026-06-05 02:25:54,354 Epoch 9 is pending...
2026-06-05 02:28:56,287 +++++++++++++++++++++++++++++++++++++++++++++++++++++++
2026-06-05 02:28:56,287 Epoch 9: Average Training Loss: 3.8049, loss_fused:0.9876, loss_audio:0.9682, loss_video:1.8060, loss_ib:0.0431, acc_fused:0.6323, acc_audio:0.6413, acc_video:0.1677
2026-06-05 02:29:29,545 +++++++++++++++++++++++++++++++++++++++++++++++++++++++
2026-06-05 02:29:29,545 Epoch 9: f1:0.5488, acc:0.5601, mAP:0.6446, f1_a:0.5579, acc_a:0.5710, mAP_a:0.6395, f1_v:0.0586, acc_v:0.1760, mAP_v:0.1888
2026-06-05 02:29:29,546 Epoch 10 is pending...
2026-06-05 02:32:31,401 +++++++++++++++++++++++++++++++++++++++++++++++++++++++
2026-06-05 02:32:31,401 Epoch 10: Average Training Loss: 3.6430, loss_fused:0.9066, loss_audio:0.8842, loss_video:1.8050, loss_ib:0.0472, acc_fused:0.6727, acc_audio:0.6752, acc_video:0.1716
2026-06-05 02:33:04,575 +++++++++++++++++++++++++++++++++++++++++++++++++++++++
2026-06-05 02:33:04,575 Epoch 10: f1:0.5470, acc:0.5626, mAP:0.6264, f1_a:0.5536, acc_a:0.5658, mAP_a:0.6252, f1_v:0.0486, acc_v:0.1708, mAP_v:0.1911
2026-06-05 02:33:04,667 Model saved to E:/Paper_Experiment/DML/DML_v1/CREMAD_v1/savepath/CREMA-D\dml_cremad_seed0_lr0.01\model_best_clean.pt
2026-06-05 02:33:04,667 Epoch 11 is pending...
2026-06-05 02:36:06,382 +++++++++++++++++++++++++++++++++++++++++++++++++++++++
2026-06-05 02:36:06,382 Epoch 11: Average Training Loss: 3.5344, loss_fused:0.8534, loss_audio:0.8295, loss_video:1.8020, loss_ib:0.0495, acc_fused:0.6882, acc_audio:0.6935, acc_video:0.1694
2026-06-05 02:36:39,586 +++++++++++++++++++++++++++++++++++++++++++++++++++++++
2026-06-05 02:36:39,586 Epoch 11: f1:0.5717, acc:0.5832, mAP:0.6431, f1_a:0.5733, acc_a:0.5832, mAP_a:0.6392, f1_v:0.0869, acc_v:0.1779, mAP_v:0.2012
2026-06-05 02:36:39,586 NEW BEST ACC | Epoch 11 | Acc: 0.5832
2026-06-05 02:36:39,676 Model saved to E:/Paper_Experiment/DML/DML_v1/CREMAD_v1/savepath/CREMA-D\dml_cremad_seed0_lr0.01\model_best_clean.pt
2026-06-05 02:36:39,676 Epoch 12 is pending...
2026-06-05 02:39:45,023 +++++++++++++++++++++++++++++++++++++++++++++++++++++++
2026-06-05 02:39:45,023 Epoch 12: Average Training Loss: 3.3795, loss_fused:0.7796, loss_audio:0.7475, loss_video:1.7978, loss_ib:0.0546, acc_fused:0.7327, acc_audio:0.7325, acc_video:0.1775
2026-06-05 02:40:22,874 +++++++++++++++++++++++++++++++++++++++++++++++++++++++
2026-06-05 02:40:22,875 Epoch 12: f1:0.5410, acc:0.5511, mAP:0.6556, f1_a:0.5564, acc_a:0.5645, mAP_a:0.6516, f1_v:0.1001, acc_v:0.1676, mAP_v:0.1906
2026-06-05 02:40:22,875 Epoch 13 is pending...
2026-06-05 02:43:24,458 +++++++++++++++++++++++++++++++++++++++++++++++++++++++
2026-06-05 02:43:24,459 Epoch 13: Average Training Loss: 3.2204, loss_fused:0.7042, loss_audio:0.6808, loss_video:1.7744, loss_ib:0.0609, acc_fused:0.7575, acc_audio:0.7572, acc_video:0.2152
2026-06-05 02:43:57,489 +++++++++++++++++++++++++++++++++++++++++++++++++++++++
2026-06-05 02:43:57,489 Epoch 13: f1:0.5754, acc:0.5735, mAP:0.6599, f1_a:0.5721, acc_a:0.5684, mAP_a:0.6388, f1_v:0.1525, acc_v:0.2216, mAP_v:0.2376
2026-06-05 02:43:57,489 Epoch 14 is pending...
2026-06-05 02:46:59,860 +++++++++++++++++++++++++++++++++++++++++++++++++++++++
2026-06-05 02:46:59,860 Epoch 14: Average Training Loss: 2.9551, loss_fused:0.5928, loss_audio:0.5779, loss_video:1.7158, loss_ib:0.0687, acc_fused:0.7998, acc_audio:0.7932, acc_video:0.2477
2026-06-05 02:47:32,973 +++++++++++++++++++++++++++++++++++++++++++++++++++++++
2026-06-05 02:47:32,974 Epoch 14: f1:0.5417, acc:0.5601, mAP:0.6505, f1_a:0.5534, acc_a:0.5710, mAP_a:0.6377, f1_v:0.1110, acc_v:0.1978, mAP_v:0.2136
2026-06-05 02:47:32,974 Epoch 15 is pending...
2026-06-05 02:50:34,363 +++++++++++++++++++++++++++++++++++++++++++++++++++++++
2026-06-05 02:50:34,364 Epoch 15: Average Training Loss: 2.7232, loss_fused:0.4993, loss_audio:0.4893, loss_video:1.6595, loss_ib:0.0751, acc_fused:0.8373, acc_audio:0.8226, acc_video:0.2690
2026-06-05 02:51:07,456 +++++++++++++++++++++++++++++++++++++++++++++++++++++++
2026-06-05 02:51:07,456 Epoch 15: f1:0.4476, acc:0.4708, mAP:0.5661, f1_a:0.4310, acc_a:0.4522, mAP_a:0.5330, f1_v:0.1197, acc_v:0.2351, mAP_v:0.2730
2026-06-05 02:51:07,457 Epoch 16 is pending...
2026-06-05 02:54:09,237 +++++++++++++++++++++++++++++++++++++++++++++++++++++++
2026-06-05 02:54:09,237 Epoch 16: Average Training Loss: 2.5408, loss_fused:0.4260, loss_audio:0.4143, loss_video:1.6192, loss_ib:0.0813, acc_fused:0.8623, acc_audio:0.8494, acc_video:0.2861
2026-06-05 02:54:47,236 +++++++++++++++++++++++++++++++++++++++++++++++++++++++
2026-06-05 02:54:47,236 Epoch 16: f1:0.5264, acc:0.5504, mAP:0.6533, f1_a:0.5046, acc_a:0.5286, mAP_a:0.6140, f1_v:0.2173, acc_v:0.2736, mAP_v:0.2936
2026-06-05 02:54:47,237 Epoch 17 is pending...
2026-06-05 02:57:52,375 +++++++++++++++++++++++++++++++++++++++++++++++++++++++
2026-06-05 02:57:52,375 Epoch 17: Average Training Loss: 2.3438, loss_fused:0.3488, loss_audio:0.3252, loss_video:1.5812, loss_ib:0.0886, acc_fused:0.8899, acc_audio:0.8800, acc_video:0.2936
2026-06-05 02:58:25,533 +++++++++++++++++++++++++++++++++++++++++++++++++++++++
2026-06-05 02:58:25,533 Epoch 17: f1:0.4738, acc:0.5035, mAP:0.6340, f1_a:0.4532, acc_a:0.4843, mAP_a:0.5997, f1_v:0.2103, acc_v:0.2672, mAP_v:0.2835
2026-06-05 02:58:25,534 Epoch 18 is pending...
2026-06-05 03:01:27,098 +++++++++++++++++++++++++++++++++++++++++++++++++++++++
2026-06-05 03:01:27,098 Epoch 18: Average Training Loss: 2.2217, loss_fused:0.2932, loss_audio:0.2853, loss_video:1.5493, loss_ib:0.0938, acc_fused:0.9114, acc_audio:0.8937, acc_video:0.3041
2026-06-05 03:02:00,157 +++++++++++++++++++++++++++++++++++++++++++++++++++++++
2026-06-05 03:02:00,157 Epoch 18: f1:0.4092, acc:0.4637, mAP:0.6283, f1_a:0.3450, acc_a:0.4284, mAP_a:0.5720, f1_v:0.2160, acc_v:0.2691, mAP_v:0.2847
2026-06-05 03:02:00,158 Epoch 19 is pending...
2026-06-05 03:05:01,620 +++++++++++++++++++++++++++++++++++++++++++++++++++++++
2026-06-05 03:05:01,620 Epoch 19: Average Training Loss: 2.0699, loss_fused:0.2359, loss_audio:0.2064, loss_video:1.5286, loss_ib:0.0991, acc_fused:0.9370, acc_audio:0.9271, acc_video:0.3186
2026-06-05 03:05:34,683 +++++++++++++++++++++++++++++++++++++++++++++++++++++++
2026-06-05 03:05:34,684 Epoch 19: f1:0.4570, acc:0.4740, mAP:0.6175, f1_a:0.4326, acc_a:0.4502, mAP_a:0.5733, f1_v:0.1928, acc_v:0.2627, mAP_v:0.2918
2026-06-05 03:05:34,684 Epoch 20 is pending...
2026-06-05 03:08:35,986 +++++++++++++++++++++++++++++++++++++++++++++++++++++++
2026-06-05 03:08:35,986 Epoch 20: Average Training Loss: 1.9613, loss_fused:0.1936, loss_audio:0.1654, loss_video:1.4999, loss_ib:0.1024, acc_fused:0.9542, acc_audio:0.9434, acc_video:0.3338
2026-06-05 03:09:10,035 +++++++++++++++++++++++++++++++++++++++++++++++++++++++
2026-06-05 03:09:10,036 Epoch 20: f1:0.4900, acc:0.5241, mAP:0.6570, f1_a:0.4422, acc_a:0.4733, mAP_a:0.5926, f1_v:0.2860, acc_v:0.3365, mAP_v:0.3428
2026-06-05 03:09:10,037 Epoch 21 is pending...
2026-06-05 03:12:17,569 +++++++++++++++++++++++++++++++++++++++++++++++++++++++
2026-06-05 03:12:17,569 Epoch 21: Average Training Loss: 1.7716, loss_fused:0.1332, loss_audio:0.0976, loss_video:1.4328, loss_ib:0.1081, acc_fused:0.9676, acc_audio:0.9656, acc_video:0.3774
2026-06-05 03:12:50,712 +++++++++++++++++++++++++++++++++++++++++++++++++++++++
2026-06-05 03:12:50,713 Epoch 21: f1:0.6208, acc:0.6179, mAP:0.6898, f1_a:0.5939, acc_a:0.5896, mAP_a:0.6361, f1_v:0.2422, acc_v:0.3455, mAP_v:0.3814
2026-06-05 03:12:50,713 NEW BEST ACC | Epoch 21 | Acc: 0.6179
2026-06-05 03:12:50,802 Model saved to E:/Paper_Experiment/DML/DML_v1/CREMAD_v1/savepath/CREMA-D\dml_cremad_seed0_lr0.01\model_best_clean.pt
2026-06-05 03:12:50,803 Epoch 22 is pending...
2026-06-05 03:15:52,423 +++++++++++++++++++++++++++++++++++++++++++++++++++++++
2026-06-05 03:15:52,423 Epoch 22: Average Training Loss: 1.6702, loss_fused:0.0953, loss_audio:0.0551, loss_video:1.4134, loss_ib:0.1064, acc_fused:0.9845, acc_audio:0.9826, acc_video:0.3871
2026-06-05 03:16:25,513 +++++++++++++++++++++++++++++++++++++++++++++++++++++++
2026-06-05 03:16:25,514 Epoch 22: f1:0.5879, acc:0.5902, mAP:0.6596, f1_a:0.5573, acc_a:0.5594, mAP_a:0.6212, f1_v:0.2342, acc_v:0.2775, mAP_v:0.3192
2026-06-05 03:16:25,514 Epoch 23 is pending...
2026-06-05 03:19:26,566 +++++++++++++++++++++++++++++++++++++++++++++++++++++++
2026-06-05 03:19:26,566 Epoch 23: Average Training Loss: 1.5689, loss_fused:0.0653, loss_audio:0.0270, loss_video:1.3729, loss_ib:0.1037, acc_fused:0.9934, acc_audio:0.9939, acc_video:0.4076
2026-06-05 03:19:59,631 +++++++++++++++++++++++++++++++++++++++++++++++++++++++
2026-06-05 03:19:59,631 Epoch 23: f1:0.6037, acc:0.6044, mAP:0.6934, f1_a:0.5921, acc_a:0.5890, mAP_a:0.6361, f1_v:0.2843, acc_v:0.3320, mAP_v:0.3705
2026-06-05 03:19:59,632 Epoch 24 is pending...
2026-06-05 03:23:00,915 +++++++++++++++++++++++++++++++++++++++++++++++++++++++
2026-06-05 03:23:00,915 Epoch 24: Average Training Loss: 1.4978, loss_fused:0.0513, loss_audio:0.0154, loss_video:1.3341, loss_ib:0.0970, acc_fused:0.9971, acc_audio:0.9976, acc_video:0.4280
2026-06-05 03:23:33,976 +++++++++++++++++++++++++++++++++++++++++++++++++++++++
2026-06-05 03:23:33,977 Epoch 24: f1:0.6501, acc:0.6513, mAP:0.7152, f1_a:0.6069, acc_a:0.6082, mAP_a:0.6527, f1_v:0.3125, acc_v:0.3597, mAP_v:0.3904
2026-06-05 03:23:33,977 NEW BEST ACC | Epoch 24 | Acc: 0.6513
2026-06-05 03:23:34,065 Model saved to E:/Paper_Experiment/DML/DML_v1/CREMAD_v1/savepath/CREMA-D\dml_cremad_seed0_lr0.01\model_best_clean.pt
2026-06-05 03:23:34,066 Epoch 25 is pending...
2026-06-05 03:26:42,283 +++++++++++++++++++++++++++++++++++++++++++++++++++++++
2026-06-05 03:26:42,283 Epoch 25: Average Training Loss: 1.4702, loss_fused:0.0451, loss_audio:0.0119, loss_video:1.3212, loss_ib:0.0921, acc_fused:0.9976, acc_audio:0.9980, acc_video:0.4316
2026-06-05 03:27:15,412 +++++++++++++++++++++++++++++++++++++++++++++++++++++++
2026-06-05 03:27:15,412 Epoch 25: f1:0.6478, acc:0.6500, mAP:0.7270, f1_a:0.6002, acc_a:0.6024, mAP_a:0.6478, f1_v:0.2915, acc_v:0.3462, mAP_v:0.3898
2026-06-05 03:27:15,413 Epoch 26 is pending...
2026-06-05 03:30:18,900 +++++++++++++++++++++++++++++++++++++++++++++++++++++++
2026-06-05 03:30:18,900 Epoch 26: Average Training Loss: 1.4277, loss_fused:0.0376, loss_audio:0.0084, loss_video:1.2927, loss_ib:0.0890, acc_fused:0.9993, acc_audio:0.9993, acc_video:0.4582
2026-06-05 03:30:52,913 +++++++++++++++++++++++++++++++++++++++++++++++++++++++
2026-06-05 03:30:52,914 Epoch 26: f1:0.6363, acc:0.6416, mAP:0.7232, f1_a:0.6138, acc_a:0.6146, mAP_a:0.6544, f1_v:0.2584, acc_v:0.3276, mAP_v:0.4155
2026-06-05 03:30:52,914 Epoch 27 is pending...
2026-06-05 03:33:55,819 +++++++++++++++++++++++++++++++++++++++++++++++++++++++
2026-06-05 03:33:55,820 Epoch 27: Average Training Loss: 1.4012, loss_fused:0.0350, loss_audio:0.0065, loss_video:1.2737, loss_ib:0.0860, acc_fused:0.9988, acc_audio:0.9990, acc_video:0.4723
2026-06-05 03:34:28,994 +++++++++++++++++++++++++++++++++++++++++++++++++++++++
2026-06-05 03:34:28,994 Epoch 27: f1:0.6279, acc:0.6275, mAP:0.7124, f1_a:0.6166, acc_a:0.6217, mAP_a:0.6535, f1_v:0.2627, acc_v:0.3115, mAP_v:0.3846
2026-06-05 03:34:28,995 Epoch 28 is pending...
2026-06-05 03:37:30,597 +++++++++++++++++++++++++++++++++++++++++++++++++++++++
2026-06-05 03:37:30,597 Epoch 28: Average Training Loss: 1.3814, loss_fused:0.0320, loss_audio:0.0053, loss_video:1.2606, loss_ib:0.0835, acc_fused:0.9993, acc_audio:0.9995, acc_video:0.4715
2026-06-05 03:38:03,748 +++++++++++++++++++++++++++++++++++++++++++++++++++++++
2026-06-05 03:38:03,749 Epoch 28: f1:0.6382, acc:0.6397, mAP:0.7269, f1_a:0.6135, acc_a:0.6166, mAP_a:0.6582, f1_v:0.2587, acc_v:0.3449, mAP_v:0.3957
2026-06-05 03:38:03,749 Epoch 29 is pending...
2026-06-05 03:41:11,938 +++++++++++++++++++++++++++++++++++++++++++++++++++++++
2026-06-05 03:41:11,938 Epoch 29: Average Training Loss: 1.3392, loss_fused:0.0301, loss_audio:0.0046, loss_video:1.2217, loss_ib:0.0828, acc_fused:0.9993, acc_audio:0.9993, acc_video:0.4950
2026-06-05 03:41:45,073 +++++++++++++++++++++++++++++++++++++++++++++++++++++++
2026-06-05 03:41:45,073 Epoch 29: f1:0.6304, acc:0.6378, mAP:0.7404, f1_a:0.5935, acc_a:0.5967, mAP_a:0.6588, f1_v:0.3346, acc_v:0.3963, mAP_v:0.4462
2026-06-05 03:41:45,074 Epoch 30 is pending...
2026-06-05 03:44:46,824 +++++++++++++++++++++++++++++++++++++++++++++++++++++++
2026-06-05 03:44:46,824 Epoch 30: Average Training Loss: 1.3129, loss_fused:0.0295, loss_audio:0.0051, loss_video:1.1967, loss_ib:0.0816, acc_fused:0.9991, acc_audio:0.9991, acc_video:0.5078
2026-06-05 03:45:19,911 +++++++++++++++++++++++++++++++++++++++++++++++++++++++
2026-06-05 03:45:19,912 Epoch 30: f1:0.6504, acc:0.6557, mAP:0.7317, f1_a:0.6105, acc_a:0.6121, mAP_a:0.6468, f1_v:0.4074, acc_v:0.4245, mAP_v:0.4618
2026-06-05 03:45:19,912 NEW BEST ACC | Epoch 30 | Acc: 0.6557
2026-06-05 03:45:19,999 Model saved to E:/Paper_Experiment/DML/DML_v1/CREMAD_v1/savepath/CREMA-D\dml_cremad_seed0_lr0.01\model_best_clean.pt
2026-06-05 03:45:19,999 Epoch 31 is pending...
2026-06-05 03:48:21,463 +++++++++++++++++++++++++++++++++++++++++++++++++++++++
2026-06-05 03:48:21,463 Epoch 31: Average Training Loss: 1.3249, loss_fused:0.0289, loss_audio:0.0048, loss_video:1.2108, loss_ib:0.0804, acc_fused:0.9990, acc_audio:0.9991, acc_video:0.5045
2026-06-05 03:48:54,540 +++++++++++++++++++++++++++++++++++++++++++++++++++++++
2026-06-05 03:48:54,541 Epoch 31: f1:0.6629, acc:0.6641, mAP:0.7338, f1_a:0.6118, acc_a:0.6114, mAP_a:0.6507, f1_v:0.3734, acc_v:0.4059, mAP_v:0.4586
2026-06-05 03:48:54,541 NEW BEST ACC | Epoch 31 | Acc: 0.6641
2026-06-05 03:48:54,630 Model saved to E:/Paper_Experiment/DML/DML_v1/CREMAD_v1/savepath/CREMA-D\dml_cremad_seed0_lr0.01\model_best_clean.pt
2026-06-05 03:48:54,631 Epoch 32 is pending...
2026-06-05 03:51:56,130 +++++++++++++++++++++++++++++++++++++++++++++++++++++++
2026-06-05 03:51:56,130 Epoch 32: Average Training Loss: 1.2748, loss_fused:0.0275, loss_audio:0.0035, loss_video:1.1637, loss_ib:0.0801, acc_fused:0.9991, acc_audio:0.9995, acc_video:0.5193
2026-06-05 03:52:29,167 +++++++++++++++++++++++++++++++++++++++++++++++++++++++
2026-06-05 03:52:29,167 Epoch 32: f1:0.6570, acc:0.6570, mAP:0.7357, f1_a:0.6084, acc_a:0.6114, mAP_a:0.6571, f1_v:0.3263, acc_v:0.3571, mAP_v:0.4491
2026-06-05 03:52:29,168 Epoch 33 is pending...
2026-06-05 03:55:37,791 +++++++++++++++++++++++++++++++++++++++++++++++++++++++
2026-06-05 03:55:37,791 Epoch 33: Average Training Loss: 1.2668, loss_fused:0.0276, loss_audio:0.0034, loss_video:1.1572, loss_ib:0.0786, acc_fused:0.9990, acc_audio:0.9993, acc_video:0.5354
2026-06-05 03:56:10,975 +++++++++++++++++++++++++++++++++++++++++++++++++++++++
2026-06-05 03:56:10,975 Epoch 33: f1:0.6597, acc:0.6667, mAP:0.7495, f1_a:0.5902, acc_a:0.5973, mAP_a:0.6511, f1_v:0.3522, acc_v:0.3976, mAP_v:0.4809
2026-06-05 03:56:10,975 NEW BEST ACC | Epoch 33 | Acc: 0.6667
2026-06-05 03:56:11,063 Model saved to E:/Paper_Experiment/DML/DML_v1/CREMAD_v1/savepath/CREMA-D\dml_cremad_seed0_lr0.01\model_best_clean.pt
2026-06-05 03:56:11,063 Epoch 34 is pending...
2026-06-05 03:59:12,892 +++++++++++++++++++++++++++++++++++++++++++++++++++++++
2026-06-05 03:59:12,892 Epoch 34: Average Training Loss: 1.2224, loss_fused:0.0251, loss_audio:0.0031, loss_video:1.1153, loss_ib:0.0789, acc_fused:0.9995, acc_audio:0.9993, acc_video:0.5502
2026-06-05 03:59:46,058 +++++++++++++++++++++++++++++++++++++++++++++++++++++++
2026-06-05 03:59:46,059 Epoch 34: f1:0.6704, acc:0.6750, mAP:0.7621, f1_a:0.5990, acc_a:0.6031, mAP_a:0.6550, f1_v:0.4085, acc_v:0.4470, mAP_v:0.5181
2026-06-05 03:59:46,059 NEW BEST ACC | Epoch 34 | Acc: 0.6750
2026-06-05 03:59:46,146 Model saved to E:/Paper_Experiment/DML/DML_v1/CREMAD_v1/savepath/CREMA-D\dml_cremad_seed0_lr0.01\model_best_clean.pt
2026-06-05 03:59:46,171 Epoch 35 is pending...
2026-06-05 04:02:47,698 +++++++++++++++++++++++++++++++++++++++++++++++++++++++
2026-06-05 04:02:47,698 Epoch 35: Average Training Loss: 1.2307, loss_fused:0.0262, loss_audio:0.0029, loss_video:1.1240, loss_ib:0.0776, acc_fused:0.9997, acc_audio:0.9997, acc_video:0.5512
2026-06-05 04:03:20,866 +++++++++++++++++++++++++++++++++++++++++++++++++++++++
2026-06-05 04:03:20,866 Epoch 35: f1:0.6492, acc:0.6551, mAP:0.7390, f1_a:0.6062, acc_a:0.6076, mAP_a:0.6454, f1_v:0.3548, acc_v:0.4008, mAP_v:0.4677
2026-06-05 04:03:20,866 Epoch 36 is pending...
2026-06-05 04:06:22,594 +++++++++++++++++++++++++++++++++++++++++++++++++++++++
2026-06-05 04:06:22,594 Epoch 36: Average Training Loss: 1.2000, loss_fused:0.0256, loss_audio:0.0039, loss_video:1.0932, loss_ib:0.0773, acc_fused:0.9991, acc_audio:0.9990, acc_video:0.5606
2026-06-05 04:06:55,818 +++++++++++++++++++++++++++++++++++++++++++++++++++++++
2026-06-05 04:06:55,819 Epoch 36: f1:0.6378, acc:0.6390, mAP:0.7408, f1_a:0.5759, acc_a:0.5812, mAP_a:0.6424, f1_v:0.3918, acc_v:0.4181, mAP_v:0.4541
2026-06-05 04:06:55,819 Epoch 37 is pending...
2026-06-05 04:10:02,593 +++++++++++++++++++++++++++++++++++++++++++++++++++++++
2026-06-05 04:10:02,593 Epoch 37: Average Training Loss: 1.1753, loss_fused:0.0249, loss_audio:0.0033, loss_video:1.0700, loss_ib:0.0770, acc_fused:0.9993, acc_audio:0.9995, acc_video:0.5718
2026-06-05 04:10:38,723 +++++++++++++++++++++++++++++++++++++++++++++++++++++++
2026-06-05 04:10:38,723 Epoch 37: f1:0.6538, acc:0.6583, mAP:0.7372, f1_a:0.6117, acc_a:0.6140, mAP_a:0.6521, f1_v:0.3453, acc_v:0.4040, mAP_v:0.4380
2026-06-05 04:10:38,723 Epoch 38 is pending...
2026-06-05 04:13:40,742 +++++++++++++++++++++++++++++++++++++++++++++++++++++++
2026-06-05 04:13:40,742 Epoch 38: Average Training Loss: 1.1518, loss_fused:0.0247, loss_audio:0.0036, loss_video:1.0464, loss_ib:0.0770, acc_fused:0.9990, acc_audio:0.9991, acc_video:0.5822
2026-06-05 04:14:13,832 +++++++++++++++++++++++++++++++++++++++++++++++++++++++
2026-06-05 04:14:13,832 Epoch 38: f1:0.6532, acc:0.6635, mAP:0.7461, f1_a:0.6030, acc_a:0.6082, mAP_a:0.6505, f1_v:0.3923, acc_v:0.4335, mAP_v:0.4827
2026-06-05 04:14:13,833 Epoch 39 is pending...
2026-06-05 04:17:15,604 +++++++++++++++++++++++++++++++++++++++++++++++++++++++
2026-06-05 04:17:15,604 Epoch 39: Average Training Loss: 1.1305, loss_fused:0.0237, loss_audio:0.0030, loss_video:1.0275, loss_ib:0.0763, acc_fused:0.9991, acc_audio:0.9991, acc_video:0.5946
2026-06-05 04:17:48,731 +++++++++++++++++++++++++++++++++++++++++++++++++++++++
2026-06-05 04:17:48,731 Epoch 39: f1:0.6872, acc:0.6866, mAP:0.7630, f1_a:0.6140, acc_a:0.6146, mAP_a:0.6556, f1_v:0.4642, acc_v:0.4888, mAP_v:0.5275
2026-06-05 04:17:48,731 NEW BEST ACC | Epoch 39 | Acc: 0.6866
2026-06-05 04:17:48,819 Model saved to E:/Paper_Experiment/DML/DML_v1/CREMAD_v1/savepath/CREMA-D\dml_cremad_seed0_lr0.01\model_best_clean.pt
2026-06-05 04:17:48,819 Epoch 40 is pending...
2026-06-05 04:20:50,465 +++++++++++++++++++++++++++++++++++++++++++++++++++++++
2026-06-05 04:20:50,465 Epoch 40: Average Training Loss: 1.1432, loss_fused:0.0245, loss_audio:0.0035, loss_video:1.0393, loss_ib:0.0758, acc_fused:0.9993, acc_audio:0.9990, acc_video:0.5875
2026-06-05 04:21:23,709 +++++++++++++++++++++++++++++++++++++++++++++++++++++++
2026-06-05 04:21:23,709 Epoch 40: f1:0.6975, acc:0.6975, mAP:0.7719, f1_a:0.6108, acc_a:0.6121, mAP_a:0.6560, f1_v:0.3588, acc_v:0.4078, mAP_v:0.4771
2026-06-05 04:21:23,709 NEW BEST ACC | Epoch 40 | Acc: 0.6975
2026-06-05 04:21:23,796 Model saved to E:/Paper_Experiment/DML/DML_v1/CREMAD_v1/savepath/CREMA-D\dml_cremad_seed0_lr0.01\model_best_clean.pt
2026-06-05 04:21:23,796 Epoch 41 is pending...
2026-06-05 04:24:27,762 +++++++++++++++++++++++++++++++++++++++++++++++++++++++
2026-06-05 04:24:27,763 Epoch 41: Average Training Loss: 1.0942, loss_fused:0.0233, loss_audio:0.0036, loss_video:0.9914, loss_ib:0.0759, acc_fused:0.9991, acc_audio:0.9991, acc_video:0.6134
2026-06-05 04:25:06,602 +++++++++++++++++++++++++++++++++++++++++++++++++++++++
2026-06-05 04:25:06,602 Epoch 41: f1:0.6578, acc:0.6667, mAP:0.7623, f1_a:0.6015, acc_a:0.6031, mAP_a:0.6454, f1_v:0.4014, acc_v:0.4541, mAP_v:0.5210
2026-06-05 04:25:06,603 Epoch 42 is pending...
2026-06-05 04:28:10,272 +++++++++++++++++++++++++++++++++++++++++++++++++++++++
2026-06-05 04:28:10,272 Epoch 42: Average Training Loss: 1.0962, loss_fused:0.0230, loss_audio:0.0035, loss_video:0.9946, loss_ib:0.0750, acc_fused:0.9991, acc_audio:0.9991, acc_video:0.6083
2026-06-05 04:28:43,428 +++++++++++++++++++++++++++++++++++++++++++++++++++++++
2026-06-05 04:28:43,428 Epoch 42: f1:0.6541, acc:0.6609, mAP:0.7433, f1_a:0.5939, acc_a:0.5967, mAP_a:0.6454, f1_v:0.4138, acc_v:0.4464, mAP_v:0.4895
2026-06-05 04:28:43,429 Epoch 43 is pending...
2026-06-05 04:31:45,115 +++++++++++++++++++++++++++++++++++++++++++++++++++++++
2026-06-05 04:31:45,115 Epoch 43: Average Training Loss: 1.0757, loss_fused:0.0224, loss_audio:0.0028, loss_video:0.9758, loss_ib:0.0746, acc_fused:0.9995, acc_audio:0.9993, acc_video:0.6183
2026-06-05 04:32:18,275 +++++++++++++++++++++++++++++++++++++++++++++++++++++++
2026-06-05 04:32:18,275 Epoch 43: f1:0.6856, acc:0.6904, mAP:0.7675, f1_a:0.6076, acc_a:0.6082, mAP_a:0.6496, f1_v:0.4656, acc_v:0.4971, mAP_v:0.5421
2026-06-05 04:32:18,276 Epoch 44 is pending...
2026-06-05 04:35:19,953 +++++++++++++++++++++++++++++++++++++++++++++++++++++++
2026-06-05 04:35:19,954 Epoch 44: Average Training Loss: 1.0601, loss_fused:0.0223, loss_audio:0.0029, loss_video:0.9604, loss_ib:0.0746, acc_fused:0.9993, acc_audio:0.9991, acc_video:0.6257
2026-06-05 04:35:53,417 +++++++++++++++++++++++++++++++++++++++++++++++++++++++
2026-06-05 04:35:53,418 Epoch 44: f1:0.6842, acc:0.6885, mAP:0.7698, f1_a:0.6024, acc_a:0.6057, mAP_a:0.6473, f1_v:0.4468, acc_v:0.4586, mAP_v:0.5248
2026-06-05 04:35:53,418 Epoch 45 is pending...
2026-06-05 04:38:55,511 +++++++++++++++++++++++++++++++++++++++++++++++++++++++
2026-06-05 04:38:55,511 Epoch 45: Average Training Loss: 1.0419, loss_fused:0.0226, loss_audio:0.0037, loss_video:0.9422, loss_ib:0.0733, acc_fused:0.9993, acc_audio:0.9991, acc_video:0.6386
2026-06-05 04:39:32,662 +++++++++++++++++++++++++++++++++++++++++++++++++++++++
2026-06-05 04:39:32,662 Epoch 45: f1:0.6883, acc:0.6879, mAP:0.7713, f1_a:0.6088, acc_a:0.6101, mAP_a:0.6505, f1_v:0.4443, acc_v:0.4766, mAP_v:0.5508
2026-06-05 04:39:32,663 Epoch 46 is pending...
2026-06-05 04:42:39,013 +++++++++++++++++++++++++++++++++++++++++++++++++++++++
2026-06-05 04:42:39,014 Epoch 46: Average Training Loss: 1.0369, loss_fused:0.0223, loss_audio:0.0031, loss_video:0.9372, loss_ib:0.0743, acc_fused:0.9991, acc_audio:0.9993, acc_video:0.6413
2026-06-05 04:43:12,191 +++++++++++++++++++++++++++++++++++++++++++++++++++++++
2026-06-05 04:43:12,192 Epoch 46: f1:0.6563, acc:0.6583, mAP:0.7508, f1_a:0.6038, acc_a:0.6069, mAP_a:0.6515, f1_v:0.4268, acc_v:0.4284, mAP_v:0.5003
2026-06-05 04:43:12,192 Epoch 47 is pending...
2026-06-05 04:46:13,816 +++++++++++++++++++++++++++++++++++++++++++++++++++++++
2026-06-05 04:46:13,816 Epoch 47: Average Training Loss: 1.0277, loss_fused:0.0215, loss_audio:0.0025, loss_video:0.9297, loss_ib:0.0739, acc_fused:0.9993, acc_audio:0.9997, acc_video:0.6500
2026-06-05 04:46:46,962 +++++++++++++++++++++++++++++++++++++++++++++++++++++++
2026-06-05 04:46:46,962 Epoch 47: f1:0.6540, acc:0.6570, mAP:0.7506, f1_a:0.5803, acc_a:0.5864, mAP_a:0.6418, f1_v:0.3250, acc_v:0.3738, mAP_v:0.4383
2026-06-05 04:46:46,963 Epoch 48 is pending...
2026-06-05 04:49:48,714 +++++++++++++++++++++++++++++++++++++++++++++++++++++++
2026-06-05 04:49:48,714 Epoch 48: Average Training Loss: 1.0130, loss_fused:0.0212, loss_audio:0.0033, loss_video:0.9155, loss_ib:0.0730, acc_fused:0.9991, acc_audio:0.9991, acc_video:0.6459
2026-06-05 04:50:21,832 +++++++++++++++++++++++++++++++++++++++++++++++++++++++
2026-06-05 04:50:21,833 Epoch 48: f1:0.6887, acc:0.6872, mAP:0.7576, f1_a:0.6072, acc_a:0.6095, mAP_a:0.6522, f1_v:0.4349, acc_v:0.4393, mAP_v:0.4880
2026-06-05 04:50:21,833 Epoch 49 is pending...
2026-06-05 04:53:23,578 +++++++++++++++++++++++++++++++++++++++++++++++++++++++
2026-06-05 04:53:23,578 Epoch 49: Average Training Loss: 1.0066, loss_fused:0.0211, loss_audio:0.0028, loss_video:0.9085, loss_ib:0.0742, acc_fused:0.9988, acc_audio:0.9991, acc_video:0.6493
2026-06-05 04:53:56,816 +++++++++++++++++++++++++++++++++++++++++++++++++++++++
2026-06-05 04:53:56,816 Epoch 49: f1:0.6919, acc:0.6930, mAP:0.7688, f1_a:0.6100, acc_a:0.6101, mAP_a:0.6491, f1_v:0.4894, acc_v:0.5100, mAP_v:0.5507
2026-06-05 04:53:56,816 Epoch 50 is pending...
2026-06-05 04:57:05,416 +++++++++++++++++++++++++++++++++++++++++++++++++++++++
2026-06-05 04:57:05,416 Epoch 50: Average Training Loss: 1.0072, loss_fused:0.0213, loss_audio:0.0028, loss_video:0.9098, loss_ib:0.0732, acc_fused:0.9993, acc_audio:0.9991, acc_video:0.6464
2026-06-05 04:57:38,628 +++++++++++++++++++++++++++++++++++++++++++++++++++++++
2026-06-05 04:57:38,629 Epoch 50: f1:0.6628, acc:0.6724, mAP:0.7723, f1_a:0.5982, acc_a:0.6024, mAP_a:0.6532, f1_v:0.4177, acc_v:0.4566, mAP_v:0.5245
2026-06-05 04:57:38,629 Epoch 51 is pending...
2026-06-05 05:00:40,555 +++++++++++++++++++++++++++++++++++++++++++++++++++++++
2026-06-05 05:00:40,555 Epoch 51: Average Training Loss: 0.9861, loss_fused:0.0210, loss_audio:0.0028, loss_video:0.8893, loss_ib:0.0729, acc_fused:0.9995, acc_audio:0.9995, acc_video:0.6591
2026-06-05 05:01:13,625 +++++++++++++++++++++++++++++++++++++++++++++++++++++++
2026-06-05 05:01:13,625 Epoch 51: f1:0.6685, acc:0.6705, mAP:0.7601, f1_a:0.5994, acc_a:0.6018, mAP_a:0.6472, f1_v:0.4322, acc_v:0.4438, mAP_v:0.5194
2026-06-05 05:01:13,626 Epoch 52 is pending...
2026-06-05 05:04:15,397 +++++++++++++++++++++++++++++++++++++++++++++++++++++++
2026-06-05 05:04:15,397 Epoch 52: Average Training Loss: 0.9787, loss_fused:0.0208, loss_audio:0.0028, loss_video:0.8821, loss_ib:0.0729, acc_fused:0.9991, acc_audio:0.9995, acc_video:0.6594
2026-06-05 05:04:48,765 +++++++++++++++++++++++++++++++++++++++++++++++++++++++
2026-06-05 05:04:48,765 Epoch 52: f1:0.6925, acc:0.6943, mAP:0.7749, f1_a:0.6080, acc_a:0.6082, mAP_a:0.6514, f1_v:0.3964, acc_v:0.4573, mAP_v:0.5354
2026-06-05 05:04:48,765 Epoch 53 is pending...
2026-06-05 05:07:51,052 +++++++++++++++++++++++++++++++++++++++++++++++++++++++
2026-06-05 05:07:51,052 Epoch 53: Average Training Loss: 0.9601, loss_fused:0.0204, loss_audio:0.0027, loss_video:0.8627, loss_ib:0.0745, acc_fused:0.9990, acc_audio:0.9993, acc_video:0.6708
2026-06-05 05:08:24,242 +++++++++++++++++++++++++++++++++++++++++++++++++++++++
2026-06-05 05:08:24,242 Epoch 53: f1:0.6836, acc:0.6866, mAP:0.7667, f1_a:0.6052, acc_a:0.6063, mAP_a:0.6485, f1_v:0.4694, acc_v:0.4888, mAP_v:0.5482
2026-06-05 05:08:24,243 Epoch 54 is pending...
2026-06-05 05:11:33,238 +++++++++++++++++++++++++++++++++++++++++++++++++++++++
2026-06-05 05:11:33,238 Epoch 54: Average Training Loss: 0.9576, loss_fused:0.0212, loss_audio:0.0029, loss_video:0.8618, loss_ib:0.0718, acc_fused:0.9990, acc_audio:0.9991, acc_video:0.6706
2026-06-05 05:12:06,442 +++++++++++++++++++++++++++++++++++++++++++++++++++++++
2026-06-05 05:12:06,442 Epoch 54: f1:0.6765, acc:0.6808, mAP:0.7803, f1_a:0.6006, acc_a:0.6037, mAP_a:0.6508, f1_v:0.4309, acc_v:0.4586, mAP_v:0.5418
2026-06-05 05:12:06,443 Epoch 55 is pending...
2026-06-05 05:15:08,278 +++++++++++++++++++++++++++++++++++++++++++++++++++++++
2026-06-05 05:15:08,278 Epoch 55: Average Training Loss: 0.9486, loss_fused:0.0212, loss_audio:0.0031, loss_video:0.8526, loss_ib:0.0718, acc_fused:0.9990, acc_audio:0.9990, acc_video:0.6729
2026-06-05 05:15:41,418 +++++++++++++++++++++++++++++++++++++++++++++++++++++++
2026-06-05 05:15:41,419 Epoch 55: f1:0.6799, acc:0.6814, mAP:0.7623, f1_a:0.6041, acc_a:0.6057, mAP_a:0.6522, f1_v:0.4351, acc_v:0.4631, mAP_v:0.5255
2026-06-05 05:15:41,419 Epoch 56 is pending...
2026-06-05 05:18:43,368 +++++++++++++++++++++++++++++++++++++++++++++++++++++++
2026-06-05 05:18:43,368 Epoch 56: Average Training Loss: 0.9457, loss_fused:0.0206, loss_audio:0.0026, loss_video:0.8507, loss_ib:0.0718, acc_fused:0.9993, acc_audio:0.9993, acc_video:0.6727
2026-06-05 05:19:16,567 +++++++++++++++++++++++++++++++++++++++++++++++++++++++
2026-06-05 05:19:16,567 Epoch 56: f1:0.6706, acc:0.6744, mAP:0.7684, f1_a:0.6138, acc_a:0.6127, mAP_a:0.6529, f1_v:0.4619, acc_v:0.4875, mAP_v:0.5448
2026-06-05 05:19:16,568 Epoch 57 is pending...
2026-06-05 05:22:18,392 +++++++++++++++++++++++++++++++++++++++++++++++++++++++
2026-06-05 05:22:18,392 Epoch 57: Average Training Loss: 0.9504, loss_fused:0.0199, loss_audio:0.0026, loss_video:0.8563, loss_ib:0.0716, acc_fused:0.9995, acc_audio:0.9991, acc_video:0.6751
2026-06-05 05:22:51,450 +++++++++++++++++++++++++++++++++++++++++++++++++++++++
2026-06-05 05:22:51,451 Epoch 57: f1:0.6768, acc:0.6802, mAP:0.7807, f1_a:0.6024, acc_a:0.6031, mAP_a:0.6473, f1_v:0.3945, acc_v:0.4419, mAP_v:0.5495
2026-06-05 05:22:51,451 Epoch 58 is pending...
2026-06-05 05:25:59,866 +++++++++++++++++++++++++++++++++++++++++++++++++++++++
2026-06-05 05:25:59,866 Epoch 58: Average Training Loss: 0.9236, loss_fused:0.0196, loss_audio:0.0025, loss_video:0.8292, loss_ib:0.0725, acc_fused:0.9993, acc_audio:0.9995, acc_video:0.6821
2026-06-05 05:26:32,952 +++++++++++++++++++++++++++++++++++++++++++++++++++++++
2026-06-05 05:26:32,952 Epoch 58: f1:0.6607, acc:0.6686, mAP:0.7682, f1_a:0.5992, acc_a:0.6012, mAP_a:0.6481, f1_v:0.4076, acc_v:0.4650, mAP_v:0.5307
2026-06-05 05:26:32,953 Epoch 59 is pending...
2026-06-05 05:29:34,777 +++++++++++++++++++++++++++++++++++++++++++++++++++++++
2026-06-05 05:29:34,777 Epoch 59: Average Training Loss: 0.9177, loss_fused:0.0201, loss_audio:0.0031, loss_video:0.8228, loss_ib:0.0717, acc_fused:0.9993, acc_audio:0.9991, acc_video:0.6844
2026-06-05 05:30:07,913 +++++++++++++++++++++++++++++++++++++++++++++++++++++++
2026-06-05 05:30:07,913 Epoch 59: f1:0.6995, acc:0.7046, mAP:0.7864, f1_a:0.5978, acc_a:0.5999, mAP_a:0.6442, f1_v:0.4759, acc_v:0.4952, mAP_v:0.5565
2026-06-05 05:30:07,913 NEW BEST ACC | Epoch 59 | Acc: 0.7046
2026-06-05 05:30:08,002 Model saved to E:/Paper_Experiment/DML/DML_v1/CREMAD_v1/savepath/CREMA-D\dml_cremad_seed0_lr0.01\model_best_clean.pt
2026-06-05 05:30:08,003 Epoch 60 is pending...
2026-06-05 05:33:09,838 +++++++++++++++++++++++++++++++++++++++++++++++++++++++
2026-06-05 05:33:09,838 Epoch 60: Average Training Loss: 0.9048, loss_fused:0.0192, loss_audio:0.0029, loss_video:0.8111, loss_ib:0.0715, acc_fused:0.9993, acc_audio:0.9993, acc_video:0.6897
2026-06-05 05:33:43,063 +++++++++++++++++++++++++++++++++++++++++++++++++++++++
2026-06-05 05:33:43,064 Epoch 60: f1:0.6919, acc:0.6943, mAP:0.7752, f1_a:0.6153, acc_a:0.6153, mAP_a:0.6529, f1_v:0.4519, acc_v:0.4817, mAP_v:0.5536
2026-06-05 05:33:43,064 Epoch 61 is pending...
2026-06-05 05:36:45,093 +++++++++++++++++++++++++++++++++++++++++++++++++++++++
2026-06-05 05:36:45,093 Epoch 61: Average Training Loss: 0.9131, loss_fused:0.0198, loss_audio:0.0025, loss_video:0.8195, loss_ib:0.0713, acc_fused:0.9993, acc_audio:0.9993, acc_video:0.6868
2026-06-05 05:37:18,296 +++++++++++++++++++++++++++++++++++++++++++++++++++++++
2026-06-05 05:37:18,296 Epoch 61: f1:0.5980, acc:0.5864, mAP:0.7444, f1_a:0.5970, acc_a:0.5973, mAP_a:0.6511, f1_v:0.4026, acc_v:0.4220, mAP_v:0.5053
2026-06-05 05:37:18,297 Epoch 62 is pending...
2026-06-05 05:40:27,093 +++++++++++++++++++++++++++++++++++++++++++++++++++++++
2026-06-05 05:40:27,094 Epoch 62: Average Training Loss: 0.9075, loss_fused:0.0193, loss_audio:0.0025, loss_video:0.8138, loss_ib:0.0719, acc_fused:0.9991, acc_audio:0.9995, acc_video:0.6851
2026-06-05 05:41:00,165 +++++++++++++++++++++++++++++++++++++++++++++++++++++++
2026-06-05 05:41:00,165 Epoch 62: f1:0.6848, acc:0.6859, mAP:0.7853, f1_a:0.6084, acc_a:0.6069, mAP_a:0.6492, f1_v:0.3991, acc_v:0.4380, mAP_v:0.5234
2026-06-05 05:41:00,165 Epoch 63 is pending...
2026-06-05 05:44:02,288 +++++++++++++++++++++++++++++++++++++++++++++++++++++++
2026-06-05 05:44:02,288 Epoch 63: Average Training Loss: 0.8970, loss_fused:0.0196, loss_audio:0.0026, loss_video:0.8037, loss_ib:0.0711, acc_fused:0.9995, acc_audio:0.9993, acc_video:0.7010
2026-06-05 05:44:35,387 +++++++++++++++++++++++++++++++++++++++++++++++++++++++
2026-06-05 05:44:35,388 Epoch 63: f1:0.6966, acc:0.6988, mAP:0.7805, f1_a:0.5959, acc_a:0.5973, mAP_a:0.6483, f1_v:0.5098, acc_v:0.5202, mAP_v:0.5660
2026-06-05 05:44:35,388 Epoch 64 is pending...
2026-06-05 05:47:37,529 +++++++++++++++++++++++++++++++++++++++++++++++++++++++
2026-06-05 05:47:37,529 Epoch 64: Average Training Loss: 0.9157, loss_fused:0.0197, loss_audio:0.0028, loss_video:0.8225, loss_ib:0.0708, acc_fused:0.9993, acc_audio:0.9993, acc_video:0.6841
2026-06-05 05:48:10,722 +++++++++++++++++++++++++++++++++++++++++++++++++++++++
2026-06-05 05:48:10,722 Epoch 64: f1:0.6665, acc:0.6718, mAP:0.7629, f1_a:0.5922, acc_a:0.5967, mAP_a:0.6440, f1_v:0.4598, acc_v:0.4746, mAP_v:0.5297
2026-06-05 05:48:10,723 Epoch 65 is pending...
2026-06-05 05:51:12,298 +++++++++++++++++++++++++++++++++++++++++++++++++++++++
2026-06-05 05:51:12,298 Epoch 65: Average Training Loss: 0.8797, loss_fused:0.0185, loss_audio:0.0026, loss_video:0.7883, loss_ib:0.0703, acc_fused:0.9995, acc_audio:0.9995, acc_video:0.7044
2026-06-05 05:51:45,341 +++++++++++++++++++++++++++++++++++++++++++++++++++++++
2026-06-05 05:51:45,341 Epoch 65: f1:0.7010, acc:0.7046, mAP:0.7851, f1_a:0.5998, acc_a:0.6031, mAP_a:0.6516, f1_v:0.4875, acc_v:0.5016, mAP_v:0.5520
2026-06-05 05:51:45,429 Model saved to E:/Paper_Experiment/DML/DML_v1/CREMAD_v1/savepath/CREMA-D\dml_cremad_seed0_lr0.01\model_best_clean.pt
2026-06-05 05:51:45,429 Epoch 66 is pending...
2026-06-05 05:54:50,967 +++++++++++++++++++++++++++++++++++++++++++++++++++++++
2026-06-05 05:54:50,967 Epoch 66: Average Training Loss: 0.8748, loss_fused:0.0192, loss_audio:0.0027, loss_video:0.7813, loss_ib:0.0716, acc_fused:0.9995, acc_audio:0.9995, acc_video:0.7049
2026-06-05 05:55:28,307 +++++++++++++++++++++++++++++++++++++++++++++++++++++++
2026-06-05 05:55:28,307 Epoch 66: f1:0.6982, acc:0.6988, mAP:0.7807, f1_a:0.5953, acc_a:0.5973, mAP_a:0.6409, f1_v:0.4993, acc_v:0.5016, mAP_v:0.5699
2026-06-05 05:55:28,308 Epoch 67 is pending...
2026-06-05 05:58:30,033 +++++++++++++++++++++++++++++++++++++++++++++++++++++++
2026-06-05 05:58:30,034 Epoch 67: Average Training Loss: 0.8598, loss_fused:0.0189, loss_audio:0.0031, loss_video:0.7669, loss_ib:0.0708, acc_fused:0.9991, acc_audio:0.9991, acc_video:0.7093
2026-06-05 05:59:03,311 +++++++++++++++++++++++++++++++++++++++++++++++++++++++
2026-06-05 05:59:03,312 Epoch 67: f1:0.7132, acc:0.7148, mAP:0.7971, f1_a:0.6017, acc_a:0.6037, mAP_a:0.6488, f1_v:0.5177, acc_v:0.5196, mAP_v:0.5864
2026-06-05 05:59:03,312 NEW BEST ACC | Epoch 67 | Acc: 0.7148
2026-06-05 05:59:03,400 Model saved to E:/Paper_Experiment/DML/DML_v1/CREMAD_v1/savepath/CREMA-D\dml_cremad_seed0_lr0.01\model_best_clean.pt
2026-06-05 05:59:03,400 Epoch 68 is pending...
2026-06-05 06:02:05,393 +++++++++++++++++++++++++++++++++++++++++++++++++++++++
2026-06-05 06:02:05,393 Epoch 68: Average Training Loss: 0.8538, loss_fused:0.0185, loss_audio:0.0024, loss_video:0.7615, loss_ib:0.0713, acc_fused:0.9993, acc_audio:0.9995, acc_video:0.7063
2026-06-05 06:02:38,547 +++++++++++++++++++++++++++++++++++++++++++++++++++++++
2026-06-05 06:02:38,548 Epoch 68: f1:0.6888, acc:0.6885, mAP:0.7983, f1_a:0.6120, acc_a:0.6127, mAP_a:0.6567, f1_v:0.4654, acc_v:0.4894, mAP_v:0.5630
2026-06-05 06:02:38,548 Epoch 69 is pending...
2026-06-05 06:05:40,350 +++++++++++++++++++++++++++++++++++++++++++++++++++++++
2026-06-05 06:05:40,350 Epoch 69: Average Training Loss: 0.8468, loss_fused:0.0186, loss_audio:0.0031, loss_video:0.7525, loss_ib:0.0725, acc_fused:0.9997, acc_audio:0.9993, acc_video:0.7114
2026-06-05 06:06:13,565 +++++++++++++++++++++++++++++++++++++++++++++++++++++++
2026-06-05 06:06:13,565 Epoch 69: f1:0.7079, acc:0.7103, mAP:0.7980, f1_a:0.6037, acc_a:0.6044, mAP_a:0.6481, f1_v:0.4739, acc_v:0.4907, mAP_v:0.5618
2026-06-05 06:06:13,566 Epoch 70 is pending...
2026-06-05 06:09:16,430 +++++++++++++++++++++++++++++++++++++++++++++++++++++++
2026-06-05 06:09:16,430 Epoch 70: Average Training Loss: 0.7627, loss_fused:0.0164, loss_audio:0.0025, loss_video:0.6713, loss_ib:0.0726, acc_fused:0.9997, acc_audio:0.9993, acc_video:0.7492
2026-06-05 06:09:54,783 +++++++++++++++++++++++++++++++++++++++++++++++++++++++
2026-06-05 06:09:54,783 Epoch 70: f1:0.7063, acc:0.7103, mAP:0.8009, f1_a:0.6038, acc_a:0.6044, mAP_a:0.6507, f1_v:0.4822, acc_v:0.5010, mAP_v:0.5646
2026-06-05 06:09:54,784 Epoch 71 is pending...
2026-06-05 06:12:58,798 +++++++++++++++++++++++++++++++++++++++++++++++++++++++
2026-06-05 06:12:58,799 Epoch 71: Average Training Loss: 0.7263, loss_fused:0.0169, loss_audio:0.0027, loss_video:0.6337, loss_ib:0.0730, acc_fused:0.9993, acc_audio:0.9997, acc_video:0.7654
2026-06-05 06:13:32,045 +++++++++++++++++++++++++++++++++++++++++++++++++++++++
2026-06-05 06:13:32,046 Epoch 71: f1:0.7115, acc:0.7129, mAP:0.7964, f1_a:0.6055, acc_a:0.6063, mAP_a:0.6514, f1_v:0.4812, acc_v:0.4990, mAP_v:0.5666
2026-06-05 06:13:32,046 Epoch 72 is pending...
2026-06-05 06:16:33,666 +++++++++++++++++++++++++++++++++++++++++++++++++++++++
2026-06-05 06:16:33,666 Epoch 72: Average Training Loss: 0.7168, loss_fused:0.0165, loss_audio:0.0028, loss_video:0.6244, loss_ib:0.0731, acc_fused:0.9993, acc_audio:0.9993, acc_video:0.7729
2026-06-05 06:17:06,809 +++++++++++++++++++++++++++++++++++++++++++++++++++++++
2026-06-05 06:17:06,809 Epoch 72: f1:0.6990, acc:0.7039, mAP:0.7901, f1_a:0.6155, acc_a:0.6172, mAP_a:0.6519, f1_v:0.4844, acc_v:0.5035, mAP_v:0.5544
2026-06-05 06:17:06,810 Epoch 73 is pending...
2026-06-05 06:20:08,810 +++++++++++++++++++++++++++++++++++++++++++++++++++++++
2026-06-05 06:20:08,810 Epoch 73: Average Training Loss: 0.6998, loss_fused:0.0159, loss_audio:0.0026, loss_video:0.6084, loss_ib:0.0729, acc_fused:0.9997, acc_audio:0.9997, acc_video:0.7737
2026-06-05 06:20:42,791 +++++++++++++++++++++++++++++++++++++++++++++++++++++++
2026-06-05 06:20:42,791 Epoch 73: f1:0.7053, acc:0.7071, mAP:0.7870, f1_a:0.6109, acc_a:0.6127, mAP_a:0.6514, f1_v:0.4620, acc_v:0.4766, mAP_v:0.5421
2026-06-05 06:20:42,792 Epoch 74 is pending...
2026-06-05 06:23:44,631 +++++++++++++++++++++++++++++++++++++++++++++++++++++++
2026-06-05 06:23:44,631 Epoch 74: Average Training Loss: 0.6895, loss_fused:0.0162, loss_audio:0.0029, loss_video:0.5969, loss_ib:0.0735, acc_fused:0.9993, acc_audio:0.9995, acc_video:0.7768
2026-06-05 06:24:19,835 +++++++++++++++++++++++++++++++++++++++++++++++++++++++
2026-06-05 06:24:19,835 Epoch 74: f1:0.6924, acc:0.6962, mAP:0.7924, f1_a:0.6043, acc_a:0.6050, mAP_a:0.6488, f1_v:0.4782, acc_v:0.4965, mAP_v:0.5594
2026-06-05 06:24:19,836 Epoch 75 is pending...
2026-06-05 06:27:27,048 +++++++++++++++++++++++++++++++++++++++++++++++++++++++
2026-06-05 06:27:27,048 Epoch 75: Average Training Loss: 0.6884, loss_fused:0.0162, loss_audio:0.0027, loss_video:0.5960, loss_ib:0.0735, acc_fused:0.9995, acc_audio:0.9995, acc_video:0.7790
2026-06-05 06:28:00,178 +++++++++++++++++++++++++++++++++++++++++++++++++++++++
2026-06-05 06:28:00,179 Epoch 75: f1:0.7072, acc:0.7078, mAP:0.7902, f1_a:0.6124, acc_a:0.6134, mAP_a:0.6511, f1_v:0.4961, acc_v:0.5138, mAP_v:0.5680
2026-06-05 06:28:00,180 Epoch 76 is pending...
2026-06-05 06:31:01,903 +++++++++++++++++++++++++++++++++++++++++++++++++++++++
2026-06-05 06:31:01,903 Epoch 76: Average Training Loss: 0.6832, loss_fused:0.0158, loss_audio:0.0028, loss_video:0.5913, loss_ib:0.0733, acc_fused:0.9995, acc_audio:0.9995, acc_video:0.7797
2026-06-05 06:31:35,014 +++++++++++++++++++++++++++++++++++++++++++++++++++++++
2026-06-05 06:31:35,014 Epoch 76: f1:0.7051, acc:0.7091, mAP:0.7909, f1_a:0.6106, acc_a:0.6114, mAP_a:0.6501, f1_v:0.4882, acc_v:0.5048, mAP_v:0.5625
2026-06-05 06:31:35,014 Epoch 77 is pending...
2026-06-05 06:34:36,534 +++++++++++++++++++++++++++++++++++++++++++++++++++++++
2026-06-05 06:34:36,535 Epoch 77: Average Training Loss: 0.6834, loss_fused:0.0165, loss_audio:0.0026, loss_video:0.5916, loss_ib:0.0726, acc_fused:0.9995, acc_audio:0.9995, acc_video:0.7811
2026-06-05 06:35:09,715 +++++++++++++++++++++++++++++++++++++++++++++++++++++++
2026-06-05 06:35:09,715 Epoch 77: f1:0.6918, acc:0.6949, mAP:0.7881, f1_a:0.6081, acc_a:0.6089, mAP_a:0.6504, f1_v:0.4813, acc_v:0.4984, mAP_v:0.5534
2026-06-05 06:35:09,716 Epoch 78 is pending...
2026-06-05 06:38:11,106 +++++++++++++++++++++++++++++++++++++++++++++++++++++++
2026-06-05 06:38:11,107 Epoch 78: Average Training Loss: 0.6723, loss_fused:0.0159, loss_audio:0.0028, loss_video:0.5805, loss_ib:0.0731, acc_fused:0.9995, acc_audio:0.9993, acc_video:0.7846
2026-06-05 06:38:44,375 +++++++++++++++++++++++++++++++++++++++++++++++++++++++
2026-06-05 06:38:44,375 Epoch 78: f1:0.6963, acc:0.7020, mAP:0.7856, f1_a:0.6118, acc_a:0.6134, mAP_a:0.6506, f1_v:0.4759, acc_v:0.4952, mAP_v:0.5447
2026-06-05 06:38:44,376 Epoch 79 is pending...
2026-06-05 06:41:52,958 +++++++++++++++++++++++++++++++++++++++++++++++++++++++
2026-06-05 06:41:52,958 Epoch 79: Average Training Loss: 0.6976, loss_fused:0.0166, loss_audio:0.0025, loss_video:0.6056, loss_ib:0.0728, acc_fused:0.9995, acc_audio:0.9998, acc_video:0.7741
2026-06-05 06:42:26,208 +++++++++++++++++++++++++++++++++++++++++++++++++++++++
2026-06-05 06:42:26,208 Epoch 79: f1:0.6868, acc:0.6917, mAP:0.7847, f1_a:0.6064, acc_a:0.6082, mAP_a:0.6501, f1_v:0.4892, acc_v:0.5087, mAP_v:0.5530
2026-06-05 06:42:26,209 Epoch 80 is pending...
2026-06-05 06:45:28,236 +++++++++++++++++++++++++++++++++++++++++++++++++++++++
2026-06-05 06:45:28,236 Epoch 80: Average Training Loss: 0.6751, loss_fused:0.0168, loss_audio:0.0026, loss_video:0.5835, loss_ib:0.0722, acc_fused:0.9993, acc_audio:0.9995, acc_video:0.7858
2026-06-05 06:46:01,561 +++++++++++++++++++++++++++++++++++++++++++++++++++++++
2026-06-05 06:46:01,561 Epoch 80: f1:0.7070, acc:0.7084, mAP:0.7918, f1_a:0.6107, acc_a:0.6114, mAP_a:0.6498, f1_v:0.5052, acc_v:0.5189, mAP_v:0.5624
2026-06-05 06:46:01,562 Epoch 81 is pending...
2026-06-05 06:49:03,268 +++++++++++++++++++++++++++++++++++++++++++++++++++++++
2026-06-05 06:49:03,268 Epoch 81: Average Training Loss: 0.6638, loss_fused:0.0160, loss_audio:0.0029, loss_video:0.5722, loss_ib:0.0726, acc_fused:0.9997, acc_audio:0.9993, acc_video:0.7889
2026-06-05 06:49:36,336 +++++++++++++++++++++++++++++++++++++++++++++++++++++++
2026-06-05 06:49:36,336 Epoch 81: f1:0.6856, acc:0.6911, mAP:0.7850, f1_a:0.6040, acc_a:0.6044, mAP_a:0.6481, f1_v:0.4800, acc_v:0.5022, mAP_v:0.5571
2026-06-05 06:49:36,337 Epoch 82 is pending...
2026-06-05 06:52:37,907 +++++++++++++++++++++++++++++++++++++++++++++++++++++++
2026-06-05 06:52:37,907 Epoch 82: Average Training Loss: 0.6738, loss_fused:0.0162, loss_audio:0.0029, loss_video:0.5822, loss_ib:0.0725, acc_fused:0.9993, acc_audio:0.9991, acc_video:0.7834
2026-06-05 06:53:11,105 +++++++++++++++++++++++++++++++++++++++++++++++++++++++
2026-06-05 06:53:11,105 Epoch 82: f1:0.7066, acc:0.7078, mAP:0.7858, f1_a:0.6088, acc_a:0.6101, mAP_a:0.6511, f1_v:0.4782, acc_v:0.4920, mAP_v:0.5450
2026-06-05 06:53:11,106 Epoch 83 is pending...
2026-06-05 06:56:19,680 +++++++++++++++++++++++++++++++++++++++++++++++++++++++
2026-06-05 06:56:19,681 Epoch 83: Average Training Loss: 0.6476, loss_fused:0.0158, loss_audio:0.0031, loss_video:0.5556, loss_ib:0.0731, acc_fused:0.9993, acc_audio:0.9995, acc_video:0.7945
2026-06-05 06:56:52,823 +++++++++++++++++++++++++++++++++++++++++++++++++++++++
2026-06-05 06:56:52,823 Epoch 83: f1:0.7005, acc:0.7033, mAP:0.7867, f1_a:0.6095, acc_a:0.6108, mAP_a:0.6491, f1_v:0.4950, acc_v:0.5125, mAP_v:0.5632
2026-06-05 06:56:52,824 Epoch 84 is pending...
2026-06-05 06:59:54,534 +++++++++++++++++++++++++++++++++++++++++++++++++++++++
2026-06-05 06:59:54,534 Epoch 84: Average Training Loss: 0.6458, loss_fused:0.0154, loss_audio:0.0024, loss_video:0.5541, loss_ib:0.0739, acc_fused:0.9997, acc_audio:0.9998, acc_video:0.7935
2026-06-05 07:00:27,684 +++++++++++++++++++++++++++++++++++++++++++++++++++++++
2026-06-05 07:00:27,684 Epoch 84: f1:0.6967, acc:0.6988, mAP:0.7845, f1_a:0.6063, acc_a:0.6069, mAP_a:0.6484, f1_v:0.4938, acc_v:0.5080, mAP_v:0.5497
2026-06-05 07:00:27,685 Epoch 85 is pending...
2026-06-05 07:03:29,603 +++++++++++++++++++++++++++++++++++++++++++++++++++++++
2026-06-05 07:03:29,604 Epoch 85: Average Training Loss: 0.6633, loss_fused:0.0160, loss_audio:0.0028, loss_video:0.5724, loss_ib:0.0720, acc_fused:0.9993, acc_audio:0.9995, acc_video:0.7853
2026-06-05 07:04:02,960 +++++++++++++++++++++++++++++++++++++++++++++++++++++++
2026-06-05 07:04:02,960 Epoch 85: f1:0.7005, acc:0.7033, mAP:0.7772, f1_a:0.6048, acc_a:0.6057, mAP_a:0.6501, f1_v:0.4795, acc_v:0.4920, mAP_v:0.5471
2026-06-05 07:04:02,961 Epoch 86 is pending...
2026-06-05 07:07:04,916 +++++++++++++++++++++++++++++++++++++++++++++++++++++++
2026-06-05 07:07:04,917 Epoch 86: Average Training Loss: 0.6432, loss_fused:0.0157, loss_audio:0.0028, loss_video:0.5521, loss_ib:0.0727, acc_fused:0.9995, acc_audio:0.9993, acc_video:0.7978
2026-06-05 07:07:38,093 +++++++++++++++++++++++++++++++++++++++++++++++++++++++
2026-06-05 07:07:38,093 Epoch 86: f1:0.6878, acc:0.6917, mAP:0.7779, f1_a:0.5998, acc_a:0.6018, mAP_a:0.6482, f1_v:0.4818, acc_v:0.4978, mAP_v:0.5467
2026-06-05 07:07:38,094 Epoch 87 is pending...
2026-06-05 07:10:47,024 +++++++++++++++++++++++++++++++++++++++++++++++++++++++
2026-06-05 07:10:47,024 Epoch 87: Average Training Loss: 0.6395, loss_fused:0.0160, loss_audio:0.0028, loss_video:0.5472, loss_ib:0.0734, acc_fused:0.9995, acc_audio:0.9993, acc_video:0.7969
2026-06-05 07:11:20,313 +++++++++++++++++++++++++++++++++++++++++++++++++++++++
2026-06-05 07:11:20,313 Epoch 87: f1:0.6853, acc:0.6866, mAP:0.7805, f1_a:0.6060, acc_a:0.6076, mAP_a:0.6505, f1_v:0.4852, acc_v:0.5022, mAP_v:0.5469
2026-06-05 07:11:20,313 Epoch 88 is pending...
2026-06-05 07:14:22,192 +++++++++++++++++++++++++++++++++++++++++++++++++++++++
2026-06-05 07:14:22,192 Epoch 88: Average Training Loss: 0.6482, loss_fused:0.0157, loss_audio:0.0032, loss_video:0.5568, loss_ib:0.0724, acc_fused:0.9995, acc_audio:0.9993, acc_video:0.7962
2026-06-05 07:14:55,280 +++++++++++++++++++++++++++++++++++++++++++++++++++++++
2026-06-05 07:14:55,280 Epoch 88: f1:0.6827, acc:0.6853, mAP:0.7769, f1_a:0.6060, acc_a:0.6069, mAP_a:0.6477, f1_v:0.4773, acc_v:0.4933, mAP_v:0.5384
2026-06-05 07:14:55,281 Epoch 89 is pending...
2026-06-05 07:17:56,951 +++++++++++++++++++++++++++++++++++++++++++++++++++++++
2026-06-05 07:17:56,951 Epoch 89: Average Training Loss: 0.6426, loss_fused:0.0158, loss_audio:0.0029, loss_video:0.5520, loss_ib:0.0719, acc_fused:0.9995, acc_audio:0.9993, acc_video:0.7971
2026-06-05 07:18:30,067 +++++++++++++++++++++++++++++++++++++++++++++++++++++++
2026-06-05 07:18:30,067 Epoch 89: f1:0.6683, acc:0.6712, mAP:0.7701, f1_a:0.6105, acc_a:0.6114, mAP_a:0.6490, f1_v:0.4625, acc_v:0.4823, mAP_v:0.5315
2026-06-05 07:18:30,068 Epoch 90 is pending...
2026-06-05 07:21:32,137 +++++++++++++++++++++++++++++++++++++++++++++++++++++++
2026-06-05 07:21:32,137 Epoch 90: Average Training Loss: 0.6475, loss_fused:0.0153, loss_audio:0.0026, loss_video:0.5573, loss_ib:0.0723, acc_fused:0.9995, acc_audio:0.9995, acc_video:0.7908
2026-06-05 07:22:05,363 +++++++++++++++++++++++++++++++++++++++++++++++++++++++
2026-06-05 07:22:05,363 Epoch 90: f1:0.6798, acc:0.6840, mAP:0.7808, f1_a:0.6112, acc_a:0.6121, mAP_a:0.6495, f1_v:0.4592, acc_v:0.4791, mAP_v:0.5393
2026-06-05 07:22:05,363 Epoch 91 is pending...
2026-06-05 07:25:13,186 +++++++++++++++++++++++++++++++++++++++++++++++++++++++
2026-06-05 07:25:13,186 Epoch 91: Average Training Loss: 0.6324, loss_fused:0.0154, loss_audio:0.0027, loss_video:0.5424, loss_ib:0.0720, acc_fused:0.9993, acc_audio:0.9997, acc_video:0.8000
2026-06-05 07:25:48,153 +++++++++++++++++++++++++++++++++++++++++++++++++++++++
2026-06-05 07:25:48,153 Epoch 91: f1:0.6773, acc:0.6814, mAP:0.7671, f1_a:0.6082, acc_a:0.6095, mAP_a:0.6481, f1_v:0.4671, acc_v:0.4836, mAP_v:0.5326
2026-06-05 07:25:48,154 Epoch 92 is pending...
2026-06-05 07:28:50,079 +++++++++++++++++++++++++++++++++++++++++++++++++++++++
2026-06-05 07:28:50,080 Epoch 92: Average Training Loss: 0.6327, loss_fused:0.0155, loss_audio:0.0030, loss_video:0.5419, loss_ib:0.0723, acc_fused:0.9997, acc_audio:0.9993, acc_video:0.7974
2026-06-05 07:29:23,231 +++++++++++++++++++++++++++++++++++++++++++++++++++++++
2026-06-05 07:29:23,231 Epoch 92: f1:0.6895, acc:0.6917, mAP:0.7717, f1_a:0.6106, acc_a:0.6121, mAP_a:0.6491, f1_v:0.4674, acc_v:0.4804, mAP_v:0.5320
2026-06-05 07:29:23,232 Epoch 93 is pending...
2026-06-05 07:32:25,076 +++++++++++++++++++++++++++++++++++++++++++++++++++++++
2026-06-05 07:32:25,077 Epoch 93: Average Training Loss: 0.6472, loss_fused:0.0152, loss_audio:0.0023, loss_video:0.5581, loss_ib:0.0716, acc_fused:0.9997, acc_audio:0.9997, acc_video:0.7891
2026-06-05 07:32:58,345 +++++++++++++++++++++++++++++++++++++++++++++++++++++++
2026-06-05 07:32:58,346 Epoch 93: f1:0.6888, acc:0.6891, mAP:0.7779, f1_a:0.6105, acc_a:0.6114, mAP_a:0.6504, f1_v:0.4780, acc_v:0.4945, mAP_v:0.5511
2026-06-05 07:32:58,346 Epoch 94 is pending...
2026-06-05 07:36:00,995 +++++++++++++++++++++++++++++++++++++++++++++++++++++++
2026-06-05 07:36:00,995 Epoch 94: Average Training Loss: 0.6263, loss_fused:0.0156, loss_audio:0.0028, loss_video:0.5349, loss_ib:0.0729, acc_fused:0.9993, acc_audio:0.9997, acc_video:0.8020
2026-06-05 07:36:34,579 +++++++++++++++++++++++++++++++++++++++++++++++++++++++
2026-06-05 07:36:34,579 Epoch 94: f1:0.6827, acc:0.6840, mAP:0.7701, f1_a:0.6091, acc_a:0.6101, mAP_a:0.6518, f1_v:0.4664, acc_v:0.4855, mAP_v:0.5327
2026-06-05 07:36:34,580 Epoch 95 is pending...
2026-06-05 07:39:39,891 +++++++++++++++++++++++++++++++++++++++++++++++++++++++
2026-06-05 07:39:39,891 Epoch 95: Average Training Loss: 0.6152, loss_fused:0.0153, loss_audio:0.0030, loss_video:0.5246, loss_ib:0.0724, acc_fused:0.9991, acc_audio:0.9993, acc_video:0.8110
2026-06-05 07:40:17,580 +++++++++++++++++++++++++++++++++++++++++++++++++++++++
2026-06-05 07:40:17,581 Epoch 95: f1:0.6850, acc:0.6885, mAP:0.7746, f1_a:0.6025, acc_a:0.6031, mAP_a:0.6480, f1_v:0.4757, acc_v:0.4900, mAP_v:0.5384
2026-06-05 07:40:17,581 Epoch 96 is pending...
2026-06-05 07:43:20,300 +++++++++++++++++++++++++++++++++++++++++++++++++++++++
2026-06-05 07:43:20,300 Epoch 96: Average Training Loss: 0.6269, loss_fused:0.0155, loss_audio:0.0030, loss_video:0.5358, loss_ib:0.0726, acc_fused:0.9993, acc_audio:0.9993, acc_video:0.7991
2026-06-05 07:43:53,455 +++++++++++++++++++++++++++++++++++++++++++++++++++++++
2026-06-05 07:43:53,456 Epoch 96: f1:0.6682, acc:0.6712, mAP:0.7695, f1_a:0.6115, acc_a:0.6127, mAP_a:0.6501, f1_v:0.4640, acc_v:0.4836, mAP_v:0.5332
2026-06-05 07:43:53,456 Epoch 97 is pending...
2026-06-05 07:46:55,330 +++++++++++++++++++++++++++++++++++++++++++++++++++++++
2026-06-05 07:46:55,330 Epoch 97: Average Training Loss: 0.6246, loss_fused:0.0154, loss_audio:0.0027, loss_video:0.5352, loss_ib:0.0713, acc_fused:0.9995, acc_audio:0.9997, acc_video:0.8063
2026-06-05 07:47:28,596 +++++++++++++++++++++++++++++++++++++++++++++++++++++++
2026-06-05 07:47:28,596 Epoch 97: f1:0.6718, acc:0.6750, mAP:0.7746, f1_a:0.6102, acc_a:0.6108, mAP_a:0.6498, f1_v:0.4633, acc_v:0.4843, mAP_v:0.5397
2026-06-05 07:47:28,597 Epoch 98 is pending...
2026-06-05 07:50:30,879 +++++++++++++++++++++++++++++++++++++++++++++++++++++++
2026-06-05 07:50:30,879 Epoch 98: Average Training Loss: 0.6186, loss_fused:0.0156, loss_audio:0.0027, loss_video:0.5287, loss_ib:0.0716, acc_fused:0.9995, acc_audio:0.9997, acc_video:0.8056
2026-06-05 07:51:04,183 +++++++++++++++++++++++++++++++++++++++++++++++++++++++
2026-06-05 07:51:04,183 Epoch 98: f1:0.6966, acc:0.7001, mAP:0.7762, f1_a:0.6073, acc_a:0.6082, mAP_a:0.6495, f1_v:0.4786, acc_v:0.4952, mAP_v:0.5415
2026-06-05 07:51:04,184 Epoch 99 is pending...
2026-06-05 07:54:06,405 +++++++++++++++++++++++++++++++++++++++++++++++++++++++
2026-06-05 07:54:06,405 Epoch 99: Average Training Loss: 0.6221, loss_fused:0.0154, loss_audio:0.0027, loss_video:0.5321, loss_ib:0.0719, acc_fused:0.9993, acc_audio:0.9993, acc_video:0.8010
2026-06-05 07:54:44,895 +++++++++++++++++++++++++++++++++++++++++++++++++++++++
2026-06-05 07:54:44,895 Epoch 99: f1:0.6868, acc:0.6885, mAP:0.7648, f1_a:0.6102, acc_a:0.6108, mAP_a:0.6478, f1_v:0.4762, acc_v:0.4920, mAP_v:0.5296
2026-06-05 07:54:44,896 ============================================================
2026-06-05 07:54:44,896 Training complete. Best epoch: 67, Best acc: 0.7148
2026-06-05 07:54:44,896 Best metrics: Epoch 67: f1:0.7132, acc:0.7148, mAP:0.7971, f1_a:0.6017, acc_a:0.6037, mAP_a:0.6488, f1_v:0.5177, acc_v:0.5196, mAP_v:0.5864
2026-06-05 07:54:44,896 ============================================================
2026-06-05 07:54:44,896 Loading best model for robustness evaluation...
2026-06-05 07:54:45,179 Loaded best model from E:/Paper_Experiment/DML/DML_v1/CREMAD_v1/savepath/CREMA-D\dml_cremad_seed0_lr0.01\model_best_clean.pt
2026-06-05 07:54:45,179 Evaluating scenario: Clean Test ...
2026-06-05 07:55:23,968   Clean Test: Acc = 0.7258
2026-06-05 07:55:23,968 Evaluating scenario: Salt & Pepper (Lvl 5.0) ...
2026-06-05 07:56:03,580   Salt & Pepper (Lvl 5.0): Acc = 0.5838
2026-06-05 07:56:03,580 Evaluating scenario: Salt & Pepper (Lvl 10.0) ...
2026-06-05 07:56:47,768   Salt & Pepper (Lvl 10.0): Acc = 0.4053
2026-06-05 07:56:47,769 Evaluating scenario: Gaussian (Lvl 5.0) ...
2026-06-05 07:57:28,473   Gaussian (Lvl 5.0): Acc = 0.7380
2026-06-05 07:57:28,473 Evaluating scenario: Gaussian (Lvl 10.0) ...
2026-06-05 07:58:09,166   Gaussian (Lvl 10.0): Acc = 0.7367
2026-06-05 07:58:09,166 
============================================================
2026-06-05 07:58:09,166             FINAL ROBUSTNESS EVALUATION RESULTS             
2026-06-05 07:58:09,167 ============================================================
2026-06-05 07:58:09,167 | Test Scenario                       | Accuracy           |
2026-06-05 07:58:09,167 |-------------------------------------|--------------------|
2026-06-05 07:58:09,167 | Clean Test                          |             0.7258 |
2026-06-05 07:58:09,167 | Salt & Pepper (Lvl 5.0)             |             0.5838 |
2026-06-05 07:58:09,167 | Salt & Pepper (Lvl 10.0)            |             0.4053 |
2026-06-05 07:58:09,167 | Gaussian (Lvl 5.0)                  |             0.7380 |
2026-06-05 07:58:09,167 | Gaussian (Lvl 10.0)                 |             0.7367 |
2026-06-05 07:58:09,168 ============================================================

2026-06-05 07:58:09,168 Saved final results to E:/Paper_Experiment/DML/DML_v1/CREMAD_v1/savepath/CREMA-D\dml_cremad_seed0_lr0.01\final_results.json
2026-06-05 07:58:09,169 Appended experiment record to E:/Paper_Experiment/DML/DML_v1/CREMAD_v1/savepath/CREMA-D\all_experiments.json
